Website,Phone Number,Email,Instagram,Facebook,Others,Raw_content
http://centros.euromaster-neumaticos.es/11151-euromaster-neumaticos-fayfer-alba, 986870660,,,,,centros.euromaster-neumaticos.es
http://www.cayuelas.chrysler.es/,,,,,,www.cayuelas.chrysler.es
http://perfectservice.pl/pl/mapa/warsztaty/pz2gm5-mechanika-pojazdowa-wojciech-krysztofik-blonie-piorunow-2/, 22 358 63 55, sieciserwisowe@intercars.eu,,https://www.facebook.com/QServiceCastrol,https://www.youtube.com/user/GrupaInterCarsSA,perfectservice.pl
https://fashioncar.be/contact/,, info@fashioncar.be,,,,fashioncar.be
http://www.dekk1.no/finn-butikk/rogaland/dekk1-sandnes, +4751624631, sandnes@dekk1.no,,http://www.facebook.com/Dekk1,,www.dekk1.no
http://www.bmw-service-wyza.pl/,,,,,,www.bmw-service-wyza.pl
http://concessions.peugeot.fr/canteleu/,,,,,,concessions.peugeot.fr
http://www.mercedes-benz-mannheim.de, +49621453666  +49621453777  +49621453804, info-mannheim@daimler.com,https://www.instagram.com/mercedesbenzdieniederlassungen/,https://www.facebook.com/MercedesBenzMannheimHeidelbergLandau/,https://www.youtube.com/MercedesBenzDieNiederlassungen,www.mercedes-benz-mannheim.de
http://www.werkstatttube.de/werkstatt/auto-service-altan.html/,, contao@kiwi.de,,,,www.werkstatttube.de
http://www.louzao.mercedes-benz.es, 981178607, marketing@louzao.com,,,,www.louzao.mercedes-benz.es
http://concessions.peugeot.fr/lingolsheim/,,,,,,concessions.peugeot.fr_part2
http://www.adgiadi.com/it/network/service-giadi/cucciniello-michele_solofra-av_4863.html,, g.cucciniello3@gmail.com,,/goto/?url=https://www.facebook.com/Autofficina-Cucciniello-Electronics-Division-1493688480929059/ https://www.facebook.com/giadiaditalia/?fref=ts,"https://maps.google.com/maps?q=CUCCINIELLO+DI+CUCCINIELLO+MICHELE,+SOLOFRA,+AV&hl=it&t=v&hnear=40.8304332,14.8476395 https://www.youtube.com/user/GserviceTV",www.adgiadi.com
http://www.motrio.fr/garage_locator/shop/index/shop_id/381/,,,,,,www.motrio.fr
http://www.reiff-reifen.de,,,,http://www.facebook.com/REIFFReifen,,www.reiff-reifen.de
http://www.f-s-c.it/ricerca/dettagli-gommista/?id=7446,,,,,,www.f-s-c.it
http://www.honda-welman.nl, 0229-282610  072-5716940,,https://www.instagram.com/hondawelman/,https://www.facebook.com/WelmanHonda/,https://www.youtube.com/user/HondaWelman,www.honda-welman.nl
http://www.lechgaragen.de/,+49 8231 98897- 0 +49 8231 98897,info@lechgaragen.de,,,,www.lechgaragen.de
http://www.radeck-reifen.de/,,,,,,www.radeck-reifen.de
http://www.red-chevrolet.com/roauto/,,,,,,www.red-chevrolet.com
http://www.audi.es/es/web/es.html,,,https://www.instagram.com/p/B-sFMA1h7Mu/ https://www.instagram.com/p/B-sPINNnxYP/,,,www.audi.es
http://redoficial.citroen.es/turis/,,,,,,redoficial.citroen.es
http://www.autofranke.de, +4925062221, auto-franke@t-online.de,,,,www.autofranke.de
http://www.turismotor.com, +34  +34916564713  +34910011000,   info@turismotor.com,,https://www.facebook.com/Turismotor,https://twitter.com/Turismotor,www.turismotor.com
http://www.ajsrep.se/,,,,,,www.ajsrep.se
http://www.kniese-gmbh.de/,,,,,,www.kniese-gmbh.de
http://www.wm.de/de/werkstattkonzepte/transporterprofi/werkstatt-suche.html/,,,,,,www.wm.de
http://axial.org/nos-metiers/axial-pres-de-chez-vous/bureau-axial-sa-hubert-automobiles.307.277.html?&vars=ga-qhpreiehx_xlmxfzk7,,,,,,axial.org
http://www.acces-pneus.com/index.php?p=80&id=419/,,,,,,www.acces-pneus.com
http://hamburg2.ksautoglas.com, +498004488488  +494073928575, ausbeulen@tomcar.de,,,http://maps.google.com/maps?daddr=Ladenbeker Furtweg 37+21033+Hamburg,hamburg2.ksautoglas.com
http://krogenbil.no/, 908 88 500   908 88 500,  post@krogenbil.no  post@krogenbil.no  post@krogenbil.no   ,,https://www.facebook.com/krogenbil.no https://www.facebook.com/KrogenBil.no/,,krogenbil.no
http://www.carrosserieliebens.be,, info@carrosserieliebens.be,,,,www.carrosserieliebens.be
http://keyers.peugeot.be/,,,,,,keyers.peugeot.be
http://www.truckfit.de/werkstatt-suche,, {{mailTo}},,,,www.truckfit.de
http://www.commercialpneus.it/, 333 2251383  099 7796406, commercialpneusrl@gmail.com,,https://www.facebook.com/Commercialpneus/,,www.commercialpneus.it
http://www.infuso.de/,,,,,,www.infuso.de
http://www.emilfrey.de/de, 0711 / 280372 45  0711 / 280372 46,,,,https://www.youtube.com/c/emilfreydeutschland,www.emilfrey.de
http://www.dackpartner.se/dackverkstad/tylles-recond-ab, 0490-121 07, info@dackpartner.se  christian@tylles.se,https://www.instagram.com/dackpartner/,https://www.facebook.com/DackpartnerSverige,"http://maps.google.com/?z=10&daddr=57.767942,16.600509 https://se.linkedin.com/company/d%C3%A4ckpartner-sverige-ab",www.dackpartner.se
http://www.drivercenter.eu/it-it/drivercenter/ippediconicola?utm_source=google&utm_medium=organic&utm_campaign=maps, 0971650402,,https://www.instagram.com/driverpirelli/?hl=it,https://www.facebook.com/Driver.Pirelli/,"https://maps.google.com/?daddr=40.63967041,15.77855051 https://www.youtube.com/watch?time_continue=7&v=Xcf4EzNKrws&feature=emb_logo",www.drivercenter.eu
http://www.officinesupernova.it/officine/auto-2000-di-nasca-luigi/, +39_0883510521, info@officinesupernova.it  off.autoduemila@libero.it,https://www.instagram.com/officinesupernova/,https://www.facebook.com/officinesupernova/,https://www.youtube.com/channel/UCm-iAycTzNShpziMD0WbaNg?view_as=subscriber,www.officinesupernova.it
http://www.lzautomobile.de,,,,,,www.lzautomobile.de
http://www.nabholz.de, 089 3151856  089 85801 10  08122 3431,,,,,www.nabholz.de
http://www.kfz-haupenthal-reuter.de,+49 69 27 235 270 +49 69 27 235 238,,,,,www.kfz-haupenthal-reuter.de
http://autofirst-aartterpstra.nl/, 0518-450510, administratie@aartterpstra.nl,,http://www.facebook.com/garageaartterpstra,,autofirst-aartterpstra.nl
http://officine.puntopro.it/cristiano-molesti/, 0587636047  +393478757002  +39 0587636047, cristianomolesti@virgilio.it,,,"https://maps.google.com/maps?q=43.5494321,10.7139069",officine.puntopro.it
http://www.autocentrum.cold.pl/serwis-fso/,,,,,,www.autocentrum.cold.pl
http://red.bmw.es/barcelona-premium/es_es/home.html/,,,,,,red.bmw.es
http://www.bestdrive.fr/centres/privas-149.html,,,https://www.instagram.com/bestdrivefrance,https://www.facebook.com/BestDriveFrance,https://twitter.com/BestDriveFrance https://www.youtube.com/user/BestDriveFrance,www.bestdrive.fr
http://ksautoglas.de/index.php?s=ueber-ks-autoglas/,,,,https://www.facebook.com/KS-Autoglas-Zentrum-2256906724556363/,https://www.youtube.com/channel/UCJpDEvTGuiPgOpSTFJ_-pIg,ksautoglas.de
http://www.smart.com,,,https://www.instagram.com/smart_worldwide/?hl=de https://www.instagram.com/smart_worldwide/,https://www.facebook.com/smart,https://twitter.com/smart_worldwide https://www.youtube.com/user/smart https://www.youtube.com/user/smart?hl=de,www.smart.com
http://www.autohausscheel.de,,,,,,www.autohausscheel.de
https://zetagomme.com/,,,,,,zetagomme.com
http://www.reifen-und-service.de, 06049953900, gruenwald@reifen-und-service.de,,,,www.reifen-und-service.de
http://www.hemnes-bil.no/,,,,,,www.hemnes-bil.no
http://reseau.top-garage.fr/205379-garage-pascal-brebion, 02 40 36 90 05,,,https://www.facebook.com/TopGarage.TopCarrosserie/,https://www.youtube.com/watch?v=_KUo6yld0AQ https://www.youtube.com/watch?v=uB45-ZjSz2Q https://www.youtube.com/watch?v=mt5uJIDw8QU,reseau.top-garage.fr
http://www.autoservicemares.nl,,,,,,www.autoservicemares.nl
http://www.bollon-pneus.fr,,,,https://www.facebook.com/pages/Bollon-pneus/111287248897629,,www.bollon-pneus.fr
http://www.renault.fr/concessionnaire.arcachon.html, 0557525229  0557525259  0557525276,,https://www.instagram.com/renault_france/,https://www.facebook.com/renaultfrance,"https://maps.google.com/maps?daddr=44.6171681,-1.1238333 https://twitter.com/renault_fr http://www.youtube.com/user/renaultfrance",www.renault.fr
http://www.eurorepar.it/le-officine-eurorepar/430/autofficina-lz-di-zavan-luca,,,,https://www.facebook.com/euroreparitalia/,https://twitter.com/EuroReparIT https://www.youtube.com/channel/UCjhzhDqqKMgtESwavHS-Jpw,www.eurorepar.it
http://www.antoniosierraaranda.citroen.es/,,,,,,www.antoniosierraaranda.citroen.es
http://www.autofficinatoaldo.it/,,,,,,www.autofficinatoaldo.it
http://www.pitstop.de,,,,https://de-de.facebook.com/pitstop.de,,www.pitstop.de
http://www.filipowicz.opony.com.pl/,,,,,,www.filipowicz.opony.com.pl
http://maxserwis.com.pl/directory/lista/luk-car-lukasz-czapik, 507 053 916  604 343 939  691526110, lukasz.czapik@mailbail.onet.pl  kontakt@maxserwis.com,,https://www.facebook.com/maxserwissiecwarsztatow/,https://www.youtube.com/channel/UCZmq-G4FcfPd6KAgzeO0cYg,maxserwis.com.pl
http://www.kfz-zemo.de/,,info@kfz-zemo.de,http://www.thepictaram.club/instagram/kfzzemo,https://www.facebook.com/KFZ-Meisterbetrieb-ZEMO-397491063712044/,,www.kfz-zemo.de
http://www.precisium.fr,,,,https://www.facebook.com/Pr%C3%A9cisium-R%C3%A9paration-Officiel-811888125569433/ https://www.facebook.com/Precisium.PrecisiumGroupe,,www.precisium.fr
http://www.autohorn.de/,,,,,,www.autohorn.de
http://concessions.peugeot.fr/savigne-eveque/,,,,,,concessions.peugeot.fr_part3
http://officine.toptruck.it/tecnica-diesel-snc/, +39 3336531411,tecnicadiesel.snc@gmail.com EMAIL:tecnicadiesel.snc@gmail.com tecnicadiesel.snc@gmail.com,,,,officine.toptruck.it
http://www.tgbiltjanst.se,,,,,,www.tgbiltjanst.se
http://www.carglass.fr/centre/62440-83437/harnes,,service.consommateurs@carglass.fr,,https://fr-fr.facebook.com/Carglass.France,"http://maps.google.com/maps?f=d&hl=fr_FR&ie=UTF8&sll=50.448778,2.866159&z=14&daddr=199 ROUTE DE LILLE RN17 - 62440 HARNES https://fr.linkedin.com/company/carglass_2 https://twitter.com/carglass_france",www.carglass.fr
http://www.cannasolbia.com/,,,,,,www.cannasolbia.com
http://www.autohauskramer.com/,,,,,,www.autohauskramer.com
http://garagefraisse.precisium.fr/,,,,,,garagefraisse.precisium.fr
http://www.zweiradcenter-lehnen.de/40915.html/,, lehnen@aol.com  info@zweiradcenter-lehnen.de,,,,www.zweiradcenter-lehnen.de
http://www.kraemer-gmbh.de, 02195-2003  021952003, info@kraemer-gmbh.de,,https://www.facebook.com/pages/Point-S-Manfred-Kr%C3%A4mer/239738172895137,https://www.youtube.com/user/pointsdeutschland/videos,www.kraemer-gmbh.de
http://rydsbilglas.se/hitta-verkstad/lund/lund-gunnesbo, +46771411411, lund.gunnesbo@rydsbilglas.se,,https://www.facebook.com/rydsbilglas/,,rydsbilglas.se
http://www.auto-blum.de/,, info@auto-blum.de,,,,www.auto-blum.de
http://www.cosenza-motorsport.it, 00390642115911  800129911, %63%6f%73%65%6e%7a%61-%6d%6f%74%6f%72%73%70%6f%72%74.%63%61.%63%73@%70%6f%72%73%63%68%65.%69%74,https://www.instagram.com/porschecosenza,https://www.facebook.com/porschecosenza,,www.cosenza-motorsport.it
http://www.assoservice.net/it/rete-assistenza, 0233007196  02 33007196, info@assoservice.net,,https://www.facebook.com/assoservice/ ,,www.assoservice.net
https://aikkirchberger.wordpress.com/,,aik-kirchberger@t-online.de,,,https://aikkirchberger.wordpress.com/ https://aikkirchberger.wordpress.com/elektroinstallation/ https://aikkirchberger.wordpress.com/referenzen/,aikkirchberger.wordpress.com
http://www.garage-achermann.ch/,,,,,,www.garage-achermann.ch
http://www.reifen-guenther.de/,,,,,,www.reifen-guenther.de
http://gaertringen.junited-autoglas.de/,,,,,,gaertringen.junited-autoglas.de
http://www.autofficinabarbiero.it/,, commerciale@autofficinabarbiero.it?subject=Richiesta dal web  info@autofficinabarbiero.it,https://www.instagram.com/autofficinabarbiero/,https://www.facebook.com/autofficinabarbiero/,,www.autofficinabarbiero.it
http://bobos.dackpartner.se/, 019-45 03 45, bobosdack@hotmail.com,,https://facebook.com/DackpartnerSverige,"http://maps.google.com/?z=10&daddr=59.207743,15.503054",bobos.dackpartner.se
http://www.meca.se/bilagare/hitta_verkstad/klockrike/503_rk_bilservice, +461367031  0771 - 114 114  0771114114, rhonny@boremail.com,,,,www.meca.se
http://serwisy.euromaster.pl/7750-euromaster-att/,,,,,,serwisy.euromaster.pl
http://ecocarsinistri.com/,,,,,"http://maps.google.it/maps?f=q&source=s_q&hl=it&geocode=&q=STRADA+RIVOLTA+VALVITIANO-PONTE+VALLECEPPi+perugia&sll=43.121535,12.440643&sspn=0.021551,0.038624&ie=UTF8&ll=43.120987,12.439978&spn=0.0104,0.019312&z=16&iwloc=addr",ecocarsinistri.com
http://www.atu.de,,,https://www.instagram.com/atu.de/,https://www.facebook.com/ATU,https://twitter.com/atu_de https://www.youtube.com/user/ATUDeutschland,www.atu.de
http://suhl.mini.de,, michel.ganssauge@bmw-suhl.de,,,,suhl.mini.de
http://www.tallersanfer.es/,,,,,,www.tallersanfer.es
http://www.marshall.radom.pl/, +48483847755  +48483031961  %2B48483031961, opony.marshall@gmail.com,,https://www.facebook.com/Marshall-Wulkanizacja-1339098456209169/,https://twitter.com/Marshall_wulkan,www.marshall.radom.pl
http://www.points.fr/centre-points/paulmy-auto.bayonne.00002356htmlphpsessid=ft7aa5jm1ok0utlnfuik64qe30,,,,https://www.facebook.com/points.france/,https://fr.linkedin.com/company/point-s https://www.youtube.com/channel/UCeaiEy7eULz_XnqF66DTX9w,www.points.fr
http://www.gommetop.it/,+555 53211 777, someone@example.com,,,,www.gommetop.it
http://www.procar-automobile.de/haendler/erkelenz/,,,,,,www.procar-automobile.de
http://www.dreispitzgarage.ch/,+41 52 746 13 80,,,,,www.dreispitzgarage.ch
http://www.concessionario.peugeot.it/genetinrenzo, 0462341200  ,,,https://www.facebook.com/peugeotitalia,https://twitter.com/peugeotitalia http://www.youtube.com/peugeotitalia,www.concessionario.peugeot.it
http://www.auto-berkemeier.de, +492574870  +49251978210  +49257191950,,,,,www.auto-berkemeier.de
http://www.reifen-hammer.com, 03518304690  0351-8304690, info@reifen-hammer.com,,https://www.facebook.com/pages/Reifen-Hammer-GmbH/135692459816809?hc_location=stream,https://www.youtube.com/user/pointsdeutschland/videos,www.reifen-hammer.com
http://www.officinesupernova.it/officine/autofficina-rametta-snc,+39 081 76 46 534 +39 081 55 64 238, info@officinesupernova.it,https://www.instagram.com/officinesupernova/,https://www.facebook.com/officinesupernova/,https://www.youtube.com/channel/UCm-iAycTzNShpziMD0WbaNg?view_as=subscriber,www.officinesupernova.it_part2
http://www.adgiadi.com/it/network/service-giadi/esposito-euromotor_massa-lubrense-na_5262.html,, officinafiatesposito@tiscali.it,,https://www.facebook.com/giadiaditalia/?fref=ts,"https://maps.google.com/maps?q=ESPOSITO+EUROMOTOR+DI+POLLIO+GIROLAMO,+MASSA+LUBRENSE,+NA&hl=it&t=v&hnear=40.6118824,14.3467475 https://www.youtube.com/user/GserviceTV",www.adgiadi.com_part2
http://www.autofit-spain.es/red/talleres/automoviles-a-marin-e-hijos, 935643758  918044912, info@autofit-spain.es,,https://www.facebook.com/sharer/sharer.php?u=https://www.autofit-spain.es/taller/automoviles-a-marin-e-hijos/ https://www.facebook.com/pages/AUTOFIT/300674164790,"https://maps.google.com/maps?ll=40.605984,-3.698037&z=16&t=m&hl=es-ES&gl=ES&mapclient=embed&cid=14541868826782617775 https://maps.google.es/maps?saddr=&daddr=41.527619,2.227115&hl=es https://www.linkedin.com/shareArticle?mini=true&url=https://www.autofit-spain.es/taller/automoviles-a-marin-e-hijos/&title=AUTOMOVILES A. MARIN E HIJOS",www.autofit-spain.es
http://www.eurorepar.fr/garage-relais_des_4_vents-3937.html,,,https://www.instagram.com/euroreparcarservicefr/?hl=fr,"https://www.facebook.com/sharer.php?u=https://www.eurorepar.fr/garage-relais-des-4-vents-cadillac-en-fronsadais-3937.html&t=RELAIS DES 4 VENTS - Au relais des 4 vents Eurorepar Car Service ,vous trouverez tous les conseils,préstations et tarifs compétitifs pour l'entretien de votre véhicule:vidange,pneus,distribution,climatisation,embrayage et carrosserie ! https://www.facebook.com/EUROREPARCarServiceFR","https://www.linkedin.com/company/eurorepar-car-service-fr https://twitter.com/EuroReparFR https://twitter.com/share?url=https://www.eurorepar.fr/garage-relais-des-4-vents-cadillac-en-fronsadais-3937.html&text=RELAIS DES 4 VENTS - Au relais des 4 vents Eurorepar Car Service ,vous trouverez tous les conseils,préstations et tarifs compétitifs pour l'entretien de votre véhicule:vidange,pneus,distribution,climatisation,embrayage et carrosserie !",www.eurorepar.fr
http://www.kradek.autoprimo.pl/,,,,,,www.kradek.autoprimo.pl
http://www.carpool-autoservice.de,, info@carpool-autoservice.de,,,,www.carpool-autoservice.de
http://www.officinededicar.it/officina-sabbioni-davide/394715,,,,,,www.officinededicar.it
http://www.profilplus.fr/agences/81-cognac, 0545353250,,,https://www.facebook.com/Profilplus,https://twitter.com/profilpluspneu,www.profilplus.fr
http://kassel.mini.de, 0561-57000-456  +49561570000  0561-57000-110, nl.kassel@MINI.de  mini-kassel@MINI.de,https://www.instagram.com/mini_frankfurtdarmstadtkassel/,https://www.facebook.com/MINI.Frankfurt.Darmstadt.Kassel/,,kassel.mini.de
http://www.euromaster.se/privat/boka-tid#/?cid=f81bb381-b615-4a6d-821a-e25e6f28f86a, 0771829829,,,,,www.euromaster.se
http://www.duroehijos.com,,,,,,www.duroehijos.com
http://www.ucarservices.be/item/q8-herstal, 0800 29 099, info@uhoda.com,,https://www.facebook.com/UhodaKennedy/,https://www.linkedin.com/company/uhoda-group/,www.ucarservices.be
http://seat.fratellisanna.com, 0784295111,,http://instagram.com/fratelli_sanna,https://www.facebook.com/concessionariaf.llisanna.it?ref=hl,https://twitter.com/FratelliSanna?lang=it https://www.youtube.com/channel/UC7WX3r-_6zt9h4QPznaiS_Q,seat.fratellisanna.com
http://redoficial.citroen.es/naron/,,,,,,redoficial.citroen.es_part2
http://www.blacktire.es/taller/cantabria/autoavanti-liares?id=2428, 914 353 309, info@blacktire.es,,https://www.facebook.com/red.blacktire,,www.blacktire.es
http://www.karosseriebaurost.de/,,73389info@karosseriebau-rost.de,,https://www.facebook.com/karosseriebau.rost,,www.karosseriebaurost.de
http://www.eurorepar.fr/garage-garage_drigou-537.html,,,https://www.instagram.com/euroreparcarservicefr/?hl=fr,"https://www.facebook.com/sharer.php?u=https://www.eurorepar.fr/garage-drigou-mielan-537.html&t=GARAGE DRIGOU - Bienvenue au garage EUROREPAR car service Drigou ! Situé prés de la gendarmerie, Philippe, Sebastien et toute leur équipe vous proposent un large choix de pièces selon vos besoins et sans vous ruiner et en respectant toujours les préconisations du constructeur ! Vidange, freinage ou batterie, nous avons tout pour vous satisfaire ! N'hésitez pas à nous contacter ou à passer nous voir ! https://www.facebook.com/EUROREPARCarServiceFR","https://www.linkedin.com/company/eurorepar-car-service-fr https://twitter.com/EuroReparFR https://twitter.com/share?url=https://www.eurorepar.fr/garage-drigou-mielan-537.html&text=GARAGE DRIGOU - Bienvenue au garage EUROREPAR car service Drigou ! Situé prés de la gendarmerie, Philippe, Sebastien et toute leur équipe vous proposent un large choix de pièces selon vos besoins et sans vous ruiner et en respectant toujours les préconisations du constructeur ! Vidange, freinage ou batterie, nous avons tout pour vous satisfaire ! N'hésitez pas à nous contacter ou à passer nous voir !",www.eurorepar.fr_part2
http://dealer.peugeot.pl/sztukowski/,,,,,,dealer.peugeot.pl
http://www.nfzdargel.de/, 015165188744  0031402143000, info@nfzdargel.de  christoph.dargel@nfzdargel.de  alex.fritzler@nfzdargel.de,,https://www.facebook.com/mdargel212/,,www.nfzdargel.de
http://www.rudysteiner.nl/,, info@rudysteiner.nl,,,,www.rudysteiner.nl
http://www.acbilfix.se/,,,,,,www.acbilfix.se
http://www.stoa.industriomrade.no/,, post@industriskilt.no?subject=Stoa Handelspark,,,,www.stoa.industriomrade.no
http://www.auto-ferreira.de/,,Info@Auto-Ferreira.de,,,,www.auto-ferreira.de
http://hyundai.spectrum.bialystok.pl/,,,,,,hyundai.spectrum.bialystok.pl
https://www.autocrew.com/it/it#/,,,,,,www.autocrew.com
http://auto-kerner.de/,,,,,,auto-kerner.de
http://www.efr-online.de/, +49561585980, info@efr-online.de,,https://www.facebook.com/EFRonlineofficial/,,www.efr-online.de
http://www.ixell-carrosserie.fr/fiche-affilie/carrossier/garage-de-lile-de-france.html/,,,,,,www.ixell-carrosserie.fr
http://www.topgom.org,, topgom2000@yahoo.it  info@topgom.org  maito:olto.gr@gmail.com,,,,www.topgom.org
http://www.motorrad-metzen.de/,,,,,,www.motorrad-metzen.de
https://www.boesche-reisen.de,,,,https://www.facebook.com/B%C3%B6sche-Reisen-1226070677407150/,,www.boesche-reisen.de
http://www.tallerescga.com/mapa-de-talleres/895:vidal-vadell-sl?tmpl=component,, lourdes@grupocga.com  marketing@grupocga.com  informatica@grupocga.com,,,,www.tallerescga.com
http://web.volkswagen.gr-vw.fr/ce/europegaragesa-langrescedex/,,,,,,web.volkswagen.gr-vw.fr
http://www.vetrocar.it/centri-vetrocar/vetrocar-potenza-castronuovo-di-santandrea, 800 00 80 80,,,,,www.vetrocar.it
http://www.bnc-kirchheim.de/,, info@bnc-kirchheim.de  info@boehm-nutzfahrzeuge.de,,,,www.bnc-kirchheim.de
https://autofficinabipiesse.wordpress.com/,,,,,https://autofficinabipiesse.wordpress.com/wp-login.php https://wordpress.com/ https://autofficinabipiesse.wordpress.com/info/,autofficinabipiesse.wordpress.com
http://www.automotorhuesca.com,,,,,,www.automotorhuesca.com
http://www.jewo-kfz.de, 0431680490,,,,,www.jewo-kfz.de
http://www.esd-depannage-remorquage.com, 0494190506,,,,,www.esd-depannage-remorquage.com
http://monsteras.glaskedjan.se/bilglas/, 0499-105 90, monsteras@glaskedjan.se,,,,monsteras.glaskedjan.se
http://www.strelaauto.de/,,,,,,www.strelaauto.de
http://www.adgiadi.com/it/network/service-giadi/azzoli-augusto_terracina-lt_5547.html,, azzoligomme@libero.it,,https://www.facebook.com/giadiaditalia/?fref=ts,"https://maps.google.com/maps?q=AZZOLI+GOMME+di+Augusto+Azzoli,+Terracina,+LT&hl=it&t=v&hnear=41.2951812,13.2364371 https://www.youtube.com/user/GserviceTV",www.adgiadi.com_part3
http://www.points.fr/centre-points/gastou-pneus-fils.carcassonne.00000201.htmlphpsessid=ft7aa5jm1ok0utlnfuik64qe30,,,,https://www.facebook.com/points.france/,https://fr.linkedin.com/company/point-s https://www.youtube.com/channel/UCeaiEy7eULz_XnqF66DTX9w,www.points.fr_part2
http://arnold-kahl.mini.de/,,,,,,arnold-kahl.mini.de
http://www.top-truck.fr/distributeur/distributeur-dordogne-24/aurensan-sas-point-de-vente-creysse-17,, C.Goncalves@allianceautomotive.fr,,,,www.top-truck.fr
http://schmidt.mini.de,,,,,,schmidt.mini.de
http://www.superdekk.no/forhandlere/dekk-centrum-as,,,,,,www.superdekk.no
http://www.bayern-auto-sport.com,,,https://www.instagram.com/bmw_mini_bayernautosport/,https://www.facebook.com/bayernAUTOSPORT/,https://www.linkedin.com/start/join?session_redirect=https%3A%2F%2Fwww.linkedin.com%2Fcompany%2F10842128%3Ftrk%3Dtyah%26trkInfo%3DclickedVertical%253Acompany%252CclickedEntityId%253A10842128%252Cidx%253A3-1-3%252CtarId%253A1472659838073%252Ctas%253ABAYERN%2520AUTO%2520SP&source=sentinel_org_block&trk=login_reg_redirect https://www.youtube.com/channel/UC0kug149a5eBUGYcs_JSqcw,www.bayern-auto-sport.com
http://www.ad.fr/garage/garage-ad-expert-garage-gauthier, 02 37 31 32 97,,,,,www.ad.fr
http://www.vianor.no, 21497407  22 07 04 04  915 11 500,,https://www.instagram.com/VianorNorge/,http://www.facebook.com/VianorNorge,,www.vianor.no
http://www.minicarmonteverde.it/,+39 06 98870921,,,,,www.minicarmonteverde.it
http://www.blacktire.es/taller/cantabria/autobox-low-cost?id=3012, 914 353 309, info@blacktire.es,,https://www.facebook.com/red.blacktire,,www.blacktire.es_part2
http://www.hackl-nutzfahrzeuge.de/,,,,,,www.hackl-nutzfahrzeuge.de
http://www.damm-motorsport.de/,,,,,,www.damm-motorsport.de
http://www.getspeed.de,,(@anwa2285) (@dschmid21) info@getspeed.de,https://www.instagram.com/explore/tags/MercedesAMGGT3/ https://www.instagram.com/mercedesamg/,https://www.facebook.com/463507883709822/posts/3205580746169175/ https://www.facebook.com/463507883709822,https://twitter.com/Getspeed2 https://twitter.com/_getspeed https://www.youtube.com/channel/UC_nXulvmcFfRH59bb4ib9TA,www.getspeed.de
http://www.moldan.de/,, info@moldan.de,,,,www.moldan.de
http://intercars.com.pl/pl/kontakt/mapa/filie/mro-mragowo-ul-kolejowa-13, 801802020  +48227141000,sekretariat@intercars.euInfolinia801,,https://www.facebook.com/InterCarsOfficial,,intercars.com.pl
http://www.bs-reifenhandel.de/,,,,,,www.bs-reifenhandel.de
http://ford-stauner-neustadt-an-der-donau.de, 09445 752910, info@stauner-neustadt.de,,https://www.facebook.com/autohausstauner,,ford-stauner-neustadt-an-der-donau.de
http://www.auto-kalies.de,,,,,,www.auto-kalies.de
http://www.autofit-rothlaender.de/,,,,,,www.autofit-rothlaender.de
http://www.reifen-russ.de, +493584135263, info@reifen-russ.de,,,,www.reifen-russ.de
http://www.opel-fahr-petersberg.de/,,,,,,www.opel-fahr-petersberg.de
http://www.ib-reitzel.de,,,,,,www.ib-reitzel.de
http://www.numerosette.concessionarienissan.it/?utm_source=numerosette-pinetasacchetti&utm_medium=link-scheda-gmb&utm_campaign=Google-My-Business, 06-55123211,,,https://www.facebook.com/pages/Concessionaria-Nissan-Numero-Sette/435901979827062 https://www.facebook.com/NissanItalia/,http://maps.google.com/maps?daddr=Via%20Quirino%20Majorana%2C%20110%2000%20152%20-%20Roma%20%28RM%29 https://twitter.com/nissanelectric https://twitter.com/nissanitalia,www.numerosette.concessionarienissan.it
https://galloedanyautomobili.com, 00390184262524  00390184475335  00390184298106, galloedanyautomobili@gmail.com  g.galloedany@gmail.com  GALLOEDANYAUTOMOBILI@GMAIL.COM,,https://www.facebook.com/hashtag/noicisiamo?source=feed_text&epa=HASHTAG&__xts__%5B0%5D=68.ARDMM-zm0JQ_b4EkJmqZWr5jcpYGoIo8w4pgd5XbRVlfqW0Naq9XLSj1fjPRMyuf7-YXKJYCjVTgMh2NIKW0BlzOaAZuF7qREoaPwrmQoH3ASMAYVdUAiGg_i92_nIEtPRm7VCeOL_UhtIOVwahgLPAtjh0bqcjzxEC7s89B_DdQIYFGNYRm4FVh9cqlLlpLuRls4hfk-CFvpSNx88-edWrXpRdHcbfuycBY3uIkuyj7Kci8WJwtzHzfnoRv-ivMpaA7kdWsnR_cJ79s84X9TrK5lKMt6ub4eZZ-GPBAf7ydfTV78FQMvDzL3VEqTtmQsjrdi-C_gFJQZjK935W6jFA5JB5Nln3wvPgmaN8e7riLb-JNDHKoswODzqtGX5JV-qk2I4vzAOE39VkexBGng_9rsNhOwKl_2MHti782iyMkG_bmSEI&__tn__=%2ANK-R,,galloedanyautomobili.com
http://www.autoterminus.mercedesbenz.be/,,,,,,www.autoterminus.mercedesbenz.be
http://www.uzywaneopony.net/,, sklep@uzywaneopony.net,,,,www.uzywaneopony.net
http://nc-autoservice.de,,,,,,nc-autoservice.de
http://www.assoservice.net/it/rete-officine/autofficina-santi-federico-9895, 0233007196  02 33007196, info@assoservice.net,,https://www.facebook.com/assoservice/ ,,www.assoservice.net_part2
http://www.gfaforumautomobile.de/,,,,,,www.gfaforumautomobile.de
http://www.chevrolet-info.de/dynamic/haendler_counter_ch.php?id=1/,,,,,,www.chevrolet-info.de
http://www.asp24-partner.de/peter-smits/,,,,,,www.asp24-partner.de
http://www.adgiadi.com/it/network/service-giadi/zapparata-giuseppe_scicli-rg_4829.html,, zappar0a@giuseppezapparata.191.it,,/goto/?url=https://www.facebook.com/giuseppezapparata66/ https://www.facebook.com/giadiaditalia/?fref=ts,"https://maps.google.com/maps?q=ZAPPARATA+GIUSEPPE,+Scicli,+RG&hl=it&t=v&hnear=36.7665041,14.6733935 https://www.youtube.com/user/GserviceTV",www.adgiadi.com_part4
http://concessions.peugeot.fr/montboucher-sur-jabron/,,,,,,concessions.peugeot.fr_part4
http://www.reseau.citroen.fr/reparateur-ecourt-st-quentin,,,https://instagram.com/citroen,https://www.facebook.com/Citroen.France,"https://maps.google.com/maps?f=q&hl=en&geocode=&q=251+Ash+Road,+Aldershot,+Hampshire,+GU12+4DD&sll=51.241874,-0.741479&sspn=0.01029,0.021887&ie=UTF8&ll=51.248862,-0.737286&spn=0.016923,0.036049&z=14&source=embed https://fr.linkedin.com/company/citroen https://twitter.com/CitroenFrance",www.reseau.citroen.fr
http://www.auto-hiller.de/,, auto-hiller@t-online.de,,,,www.auto-hiller.de
http://www.delluxe-dellen.de/,,,,,,www.delluxe-dellen.de
http://www.pointservice.net/officina-pointservice/ps_5714/, 064382563, riganati.pasquale@tiscali.it,,,,www.pointservice.net
http://autohaus-haster-muehle.go1a.de, 0541 61637,,,https://www.facebook.com/1aautoservice/photos/a.671362702880265/2668273359855846/?type=3&theater _blank https://www.facebook.com/1aautoservice/photos/a.671363636213505/2670021556347693/?type=3&theater _blank,,autohaus-haster-muehle.go1a.de
http://www.pointservice.net/officina-pointservice/ps_4697/, 0815604626, zemarkinho@hotmail.it,,,,www.pointservice.net_part2
http://www.mazda-autohaus-jankowski.de/,,,,,,www.mazda-autohaus-jankowski.de
http://www.epc.nu, 011101262, info@jrmotorperformance.se,https://www.instagram.com/jr_motorperformance/,https://www.facebook.com/JR-MotorPerformance-AB-358159291301952/,,www.epc.nu
http://www.confortauto.com/taller/lugo/confortauto-neum%c3%a1ticos-novoa?id=90,,,,https://www.facebook.com/confortauto,https://twitter.com/confortauto https://www.youtube.com/user/Confortauto,www.confortauto.com
http://www.citroen-advisor.de/spiegelhalder-heidelberg/s/,,,,,,www.citroen-advisor.de
http://www.blacktire.es/taller/cantabria/apr-planxa-i-pintura?id=2326, 914 353 309, info@blacktire.es,,https://www.facebook.com/red.blacktire,,www.blacktire.es_part3
http://haendler.renault.de/ah_hebold/,,,,,,haendler.renault.de
http://www.franceparebrise.fr/fpb/voir_centre.php?ctr=91b, +33800400200,,,https://www.facebook.com/fparebrise/,https://www.linkedin.com/company/france-pare-brise/,www.franceparebrise.fr
http://www.vollmer-oldtimer.de/,, hv@vollmer-oldtimer.de,,,,www.vollmer-oldtimer.de
http://www.tallerxxi.com/talleres-autosermic,, tallerxxi@tallerxxi.com,,https://www.facebook.com/TallerXXI/,,www.tallerxxi.com
http://www.red-chevrolet.com/avion/,,,,,,www.red-chevrolet.com_part2
http://www.toddchrono.com/pages/nos-agences, +33231354811  +33475848540  +33243843615, agence.tresses@toddfrance.com  agence.rennes@toddfrance.com  agence.laval@toddfrance.com,,,,www.toddchrono.com
https://www.mekonomen.se/butik-bilverkstad/tygelsjo/tygelsjovagen-87-at3420-274?utm_source=mybusiness&utm_medium=organic&utm_campaign=gmb&utm_term=maps&utm_content=verkstad, 040-44 36 00  0771-72 00 00, Tygelsjo@mekonomenbilverkstad.se,https://instagram.com/mekonomensverige/,https://www.facebook.com/MekonomenSverige,https://www.youtube.com/user/Mekonomendirekt,www.mekonomen.se
http://www.daihatsu-vertragshaendler.de/dietweger-garching/,,,,,,www.daihatsu-vertragshaendler.de
http://www.pagel-malchow.de/,,,,,,www.pagel-malchow.de
https://www.sandonauto.it,(+39) (+39),info@sandonauto.it,,https://www.facebook.com/sandonauto/,,www.sandonauto.it
http://www.jmdautomobiles.myautoconseil.com/,,,,,,www.jmdautomobiles.myautoconseil.com
http://www.blacktire.es/taller/cantabria/autoreparaciones-trevio?id=3053, 914 353 309, info@blacktire.es,,https://www.facebook.com/red.blacktire,,www.blacktire.es_part4
http://www.landtechnik-oberlausitz.de/,, info@landtechnik-oberlausitz.de,,,,www.landtechnik-oberlausitz.de
http://www.landtechnik-metallbau-hahn.de,, info@sh-landtechnik.de,,,,www.landtechnik-metallbau-hahn.de
http://www.buckimotors.com/,, buckimotors@gmx.de,,,,www.buckimotors.com
https://www.auto2000rdg.de, 03821721398,,,,,www.auto2000rdg.de
http://www.bs-landtechnik.de, +49 38756 33-0  +49 3937 2920-0  +49 39327 348,,https://www.instagram.com/bslandtechnik/?hl=de,https://www.facebook.com/BS-Landtechnik-GmbH-198573333883985/?ref=aymt_homepage_panel,https://www.youtube.com/channel/UCvKv5xyShG6BAoksfy9QAxA,www.bs-landtechnik.de
http://www.wil-kar.de/,,,,,,www.wil-kar.de
http://www.kriech-pinneberg.de/,,,,,,www.kriech-pinneberg.de
http://www.voss-geraetebau-heist.de/,,,,,,www.voss-geraetebau-heist.de
http://www.schacht-gartentechnik.de, 04862 / 792,,,https://www.facebook.com/Schacht-Gartentechnik,,www.schacht-gartentechnik.de
http://www.willidepannage.com/, 0489220505,Willi-depannage@hotmail.comHeures,https://www.instagram.com/willidepannage/?hl=fr,https://www.facebook.com/pages/category/Towing-Service/Willi-D%C3%A9pannage-176752299894911/,https://twitter.com/explore,www.willidepannage.com
http://www.kdsnv.be,, info@kdsnv.be,,https://www.facebook.com/pages/Energieconceptenbe/440889952696959,,www.kdsnv.be
http://www.db-depannage.be/, 0032494940083, info@db-works?Subject=%20aanvraag,,https://www.facebook.com/DB-Depannage-135432960533428/,,www.db-depannage.be
http://www.blondeelmichel.be,, info@blondeelmichel.be,,,,www.blondeelmichel.be
http://www.groeptsd.be/,,,,,,www.groeptsd.be
http://www.garagegulix.be,,,,,,www.garagegulix.be
http://centrededepollutionliege.be, +32(0)42335556  +3242335556  04 233 55 56, cdn@noveo.be,,,,centrededepollutionliege.be
http://www.quad-ernens.be/,,,,,,www.quad-ernens.be
http://www.verviersdepannage.be/, //003287474054  //003287351820  //003287462646, info@verviersdepannage.be,,,,www.verviersdepannage.be
http://auto1.bg/,,,,,,auto1.bg
http://www.autokelly.bg,,,,,,www.autokelly.bg
http://autoplus.bg, 0887207595  0035946664314  0035929289663,,,"https://www.facebook.com/sharer/sharer.php?t=%D0%9F%D1%80%D0%BE%D0%BC%D0%BE%D1%86%D0%B8%D0%B8+KYB+%D0%B0%D0%BC%D0%BE%D1%80%D1%82%D0%B8%D1%81%D1%8C%D0%BE%D1%80%D0%B8
								+%40+%D0%90%D1%83%D1%82%D0%BE%D0%BF%D0%BB%D1%8E%D1%81&u=https://autoplus.bg/content/promos/kyb-amortisiori-vGs.jpg https://bg-bg.facebook.com/AutoPlusBulgaria",,autoplus.bg
http://www.teileland.de/,, service@teileland.de,,,,www.teileland.de
http://www.autoteileroiger.de/,+49 6374 91496-0,,,,,www.autoteileroiger.de
http://www.autoteile-mering.de/,,,,,,www.autoteile-mering.de
http://www.autoteile-schwer.de, 073095511  07309 5511, info@autoteile-schwer.de,,,,www.autoteile-schwer.de
http://www.autoteilewelt.de, 06031 / 793-0,info@autoteilewelt.de,,,https://www.youtube.com/c/emilfreydeutschland,www.autoteilewelt.de
https://www.autonet-group.hu,telepitesek-autodiagnosztika-,,,https://www.facebook.com/Autonet-Import-Magyarorsz%C3%A1g-Kft-484587121590727/,https://twitter.com/AutonetImport https://www.youtube.com/user/GroupAutonet,www.autonet-group.hu
http://www.gerrys-motorradreifen.de/, +49 06131 478552, gerry@gerrys-motorradreifen.de,,,,www.gerrys-motorradreifen.de
http://www.flick-hg.de, 0049 (0) 6734  / 96 06 06, info@flick-hg.de,,https://www.facebook.com/kawasaki.deutschland,,www.flick-hg.de
http://www.ktm-sarholz.de,+49 2664 8844,,,https://www.facebook.com/ktm.sarholz,,www.ktm-sarholz.de
http://www.westerwaldmuseum.de/,,66kontakt@westerwaldmuseum.de,,,,www.westerwaldmuseum.de
http://www.werkstatt-enders.de, 026623993,,,,,www.werkstatt-enders.de
http://www.mertinke.com,, info@mertinke.com,,http://www.facebook.com/sharer.php?u=https://www.mertinke.com/&t=START,http://twitter.com/share?text=START&url=https%3A%2F%2Fwww.mertinke.com%2F,www.mertinke.com
http://www.motorrad-tuner-portal.de/haendler/suzuki_6.htm/,,,,,,www.motorrad-tuner-portal.de
http://www.werner-firmbach.de/,, info@werner-firmbach.de,,,,www.werner-firmbach.de
http://www.jet-porda.de/,,,,,,www.jet-porda.de
http://www.remarke.shop/,,,,,,www.remarke.shop
http://www.herkules-lift-leipzig.de, 0341-4790355  01723478279, herkules-lift-leipzig@t-online.de,,,,www.herkules-lift-leipzig.de
http://www.rueckenwind-leipzig.de/,+49 341 24 19 866,,,,,www.rueckenwind-leipzig.de
http://www.iwanski.cc/, +4933716896720  +493068972830 teleskopstapler.html, info@iwanski.cc,,,,www.iwanski.cc
http://www.anhaenger-rumpler.de,, info@boeckmann-magdeburg.com  info@boeckmann-erfurt.com,,,,www.anhaenger-rumpler.de
http://www.anhaengerprofi24.de/,,,,,,www.anhaengerprofi24.de
http://www.fahrradfrank.de/,, mail@fahrradfrank.de,,,,www.fahrradfrank.de
http://www.boeckmann-center-berlin.de/,,,,,,www.boeckmann-center-berlin.de
http://www.gdhs.de,,,,,,www.gdhs.de
https://oldtimer-service-koeln.de/home/, 01722487844  0221/16861858  08955276020, info@oldtimer-service-koeln.de,,,,oldtimer-service-koeln.de
https://www.oldtimerservice-kranz.de/, +4928347603, info@oldtimerservice-kranz.de,https://www.instagram.com/oldtimerservice.kranz/ http://www.instagram.com/oldtimerservice.kranz/,http://www.facebook.com/oldtimerservicekranz,http://www.youtube.com/channel/UCK3JVJpWjYn-vErJ3dk9tWA?view_as=subscriber,www.oldtimerservice-kranz.de
http://www.deroldtimerservice.de/, 021513612138, info@DerOldtimerservice.de,,https://www.facebook.com/Der-Oldtimerservice-175923699103641/,,www.deroldtimerservice.de
https://ertlskfzwerkstatt.de/oldtimer-service, 081029959910, info@ertlskfzwerkstatt.de,,,,ertlskfzwerkstatt.de
https://www.bens-oldtimer-service.de/,,,,http://www.facebook.com/bensoldtimerservice,,www.bens-oldtimer-service.de
https://www.classic-car-service.eu/en/home-en/,, info@j-planitzer.de,,https://www.facebook.com/fahrzeugtransporteCCS/,https://twitter.com/CCS_J_Planitzer,www.classic-car-service.eu
https://www.carservice-kueppers.de/,,,,,,www.carservice-kueppers.de
https://www.classiccarservices.co.uk,,,,,,www.classiccarservices.co.uk
https://www.classic-motor-cars.co.uk/servicing-and-repairs/, +44(0)1746764191  +44(0)1746765804, mail@classic-motor-cars.co.uk,http://www.instagram.com/classicmotorcarsltd/?hl=en,http://www.facebook.com/ClassicMotorCarsLimited/,http://twitter.com/cmcclassiccars?lang=en http://www.youtube.com/user/CMCclassiccars,www.classic-motor-cars.co.uk
http://www.chipsaway.at/standorte/,+43 5 9700 - 1000, caoffice@chipsaway.at,,https://www.facebook.com/ChipsAway.AT,,www.chipsaway.at
http://www.dellenboss.com/,,,,,,www.dellenboss.com
http://www.diamond-dell.de/,, diamond-dell@t-online.de,,,,www.diamond-dell.de
http://www.car-line-jena.de,,,,,,www.car-line-jena.de
http://www.modell-car-zenker.de/,,kontakt@modell-car-zenker.de,,,,www.modell-car-zenker.de
http://www.stiegler-dellenentfernung.de/,,,,,,www.stiegler-dellenentfernung.de
http://www.autoservice-mirzoev.de/,,,,,,www.autoservice-mirzoev.de
http://www.carfix.de/, +490331502050, info@carfix.de  angebot@carfix.de,,,,www.carfix.de
http://www.karstenliedtke.de/, +490331502050, info@carfix.de  angebot@carfix.de,,,,www.karstenliedtke.de
http://total.be,,,,http://www.facebook.com/TotalBelgium,https://www.linkedin.com/company/total/ https://twitter.com/total?trk=follow_us_twitter https://www.youtube.com/channel/UC-FIdxN3LiAkU5sRACNsQnQ,total.be
http://www.octaplus.be,,,,https://www.facebook.com/octaplusenergie/,https://www.linkedin.com/company/1865008/ https://twitter.com/octaplusbe,www.octaplus.be
http://find.shell.com/be/fuel/10046980-zetrud-lumay,+32 10 81 22 95,,,,,find.shell.com
http://find.shell.com/be/fuel/10023106-jodoigne,+32 10 81 45 66,,,,,find.shell.com_part2
http://www.q8.be,,,http://www.instagram.com/q8belgie,https://www.facebook.com/Q8Belux/,https://www.linkedin.com/company/q8/ ,www.q8.be
http://www.dencobanden.be,, info@dencobanden.be,,,,www.dencobanden.be
http://www.proxifuel.be/nl/wie-zijn-wij/proxifuel-antwerpen, 080076000,,,,,www.proxifuel.be
http://www.groupbruno.be, 089840600,,https://www.instagram.com/brunofoodcorner,https://www.facebook.com/brunofoodcorner,,www.groupbruno.be
http://find.shell.com/be/fuel/10023135-waremme-shell-express,+32 19 32 23 25,,,,,find.shell.com_part3
http://www.detailedathome.be/,,,,,,www.detailedathome.be
http://dullaert-detailing.be/,+32470273618, jerom@dullaert-detailing.be,http://www.instagram.com/dullaertdetailing,https://m.facebook.com/Dullaert-Detailing-773875559667818/,http://www.twitter.com/Morethendetails https://www.youtube.com/channel/UCYu-i2w-Rnui3xcqUvk1yJA?view_as=subscriber,dullaert-detailing.be
http://www.kostasautoservice.de,,,,https://www.facebook.com/kostasautoservice,https://twitter.com/KostasAutoServ,www.kostasautoservice.de
http://www.elephantbleu.fr,,,,https://fr-fr.facebook.com/pages/El%C3%A9phant-Bleu-Officiel/428080353936977,https://www.linkedin.com/company/el%C3%A9phant-bleu-franchise?utm_source=redirection%20site%20web%20vers%20linkedin&utm_medium=lien%20hypertexte&utm_campaign=Page%20LinkedIn%20Franchise https://twitter.com/share https://www.youtube.com/user/elephantbleuhypromat,www.elephantbleu.fr
http://www.autocleane.com/,,,,https://www.facebook.com/,,www.autocleane.com
http://www.topcleancar.com, 09.86.21.41.35,,,/facebook-actualites,,www.topcleancar.com
http://www.platanosparking.gr,, info@platanosparking.gr,,https://www.facebook.com/Platanos-Parking-1011437475575563/ /the-company/press-releases/press-klhrwsh-2-kartwn-platanos-prepaid-sth-selida-mas-sto-facebook,/handlers/ClickImpressions.ashx?action=click&bnr_id=5497f92d-d117-41e5-96fb-a3b600d4b865&cmp_id=e5066501-2717-4f89-a1af-a3b600d4f8b3&adv_id=&ret_url=https://www.youtube.com/watch?v=4XRgd0PbAXg,www.platanosparking.gr
http://www.dacscarcleaning.nl/,,,,,,www.dacscarcleaning.nl
http://www.customcarcleaning.nl/,, info@customcarcleaning.nl,https://www.instagram.com/custom_car_cleaning.nl,https://www.facebook.com/pg/customcarcleaning.nl/photos/?tab=album&album_id=1228205590526088 http://www.facebook.com/customcarcleaning.nl,https://www.youtube.com/user/Bart198000000,www.customcarcleaning.nl
http://www.cbt-chemnitz-gmbh.de, 0371-80809387  0371-8000103, info@cbt-chemnitz-gmbh.de,,https://de-de.facebook.com/Autofit.Chemnitz/,,www.cbt-chemnitz-gmbh.de
http://www.rinu.de, +493729597152  +493729597153  +491717708320,,,,,www.rinu.de
http://www.bennoeder.de/,,,,,,www.bennoeder.de
http://www.amf-fahrzeugbau.de/,,info@amf-fahrzeugbau.de,,,,www.amf-fahrzeugbau.de
http://www.nufa.net,,,,,,www.nufa.net
http://www.harbusch-baumaschinen.de/,,,,,,www.harbusch-baumaschinen.de
http://www.kfz-betrieb-rk.de/,,,,,,www.kfz-betrieb-rk.de
http://www.white-gmbh.de,,info@white-gmbh.de,,,,www.white-gmbh.de
http://www.alltrucks.com/web/guest/werkstattfinder#/workshop/search?q=vienna.%20austria&page=1&count=20/,,"object(class@anonymous /var/www/alltrucks-live/public/typo3/sysext/core/Classes/Http/MiddlewareDispatcher.php0x7f8cfd367056))in class@anonymous /var/www/alltrucks-live/public/typo3/sysext/core/Classes/Http/MiddlewareDispatcher.php0x7f8cfd367056->handle(object(TYPO3\CMS\Core\Http\ServerRequest))in object(class@anonymous /var/www/alltrucks-live/public/typo3/sysext/core/Classes/Http/MiddlewareDispatcher.php0x7f8cfd367056))in",,,,www.alltrucks.com
http://www.autonet.be/japancars,,,,,,www.autonet.be
http://www.scania.be,,,,,,www.scania.be
http://btciveco.eu,(+32) (+32),info@btciveco.eu,,https://www.facebook.com/Brussels-Truck-Center-IVECO-142343546517808/,,btciveco.eu
http://www.dct-garage.be,,,,,,www.dct-garage.be
http://www.car-truckprotection.be/,,,,,,www.car-truckprotection.be
http://www.cammaertnv.be,, antwerpen@cammaertnv.be  gooik@cammaertnv.be  billiet@cammaertnv.be,,https://www.facebook.com/CammaertTrucks,https://www.linkedin.com/company/cammaert-trucks-n-v,www.cammaertnv.be
http://www.cargogo.eu/lt/cargogo-service-kontaktai/,,,,,,www.cargogo.eu
http://www.garagevandenende.be,,info@garagevandenende.be,,,,www.garagevandenende.be
http://www.eremserwis.pl,+48 25 758 42 16 +48 25 758 42 15 +48 662 677 777, biuro@eremserwis.pl,,https://www.facebook.com/eremserwis/,https://twitter.com/BelarusEmbPol/status/702879255936548865?lang=pl https://www.youtube.com/channel/UCSFSYLLfzB4kaQqt1J5Z0lQ,www.eremserwis.pl
http://dealers.daf.com/pl-pl/dealers/pl/49025-tb-truck-trailer-serwis-sp-z-oo-siedlce, +48 (0) 25 6408510  +48 (0) 507432013  +48 (0) 508695016, r.jezak@tb.eu  j.wilk@tb.eu  j.przybylkowicz@tb.eu,,,,dealers.daf.com
http://www.scania.com/pl/pl/home/misc/dealer-locator/dealer-detail.html?dealer85986a7e-f070-4c68-b407-e26048fb95ac,+48 22 356 01 00 +48 22 356 01 01,,https://www.instagram.com/scaniapolska/,https://www.facebook.com/scaniapl/,"https://maps.google.com/maps?q=, https://www.youtube.com/user/SCANIA09POLSKA",www.scania.com
http://www.autosfera.eu/,,,,,,www.autosfera.eu
http://www.intruck.pl,+48 22 811 02 37 +48 22 811 13 51 +48 605 075 335, serwis_radom@intruck.pl  serwis_karpin@intruck.pl,,https://facebook.com/intruckserwis,https://www.twitter.com/intruckpl,www.intruck.pl
http://www.polimerc.mercedes-benz.pl, 4812372892248123728930, serwis@polimerc.pl,,,,www.polimerc.mercedes-benz.pl
http://www.zteradom.mercedes-benz.pl/,,,,,,www.zteradom.mercedes-benz.pl
http://www.retos.pl,+48 33 854 86 60 +48 33 854 86 61 +48 33 854 86 56,,,,,www.retos.pl
http://www.viva.mercedes-benz.pl, 48324943400, info@viva.mercedes-benz.pl,,,,www.viva.mercedes-benz.pl
http://www.folter-ovelgoenne.de/,,,,,,www.folter-ovelgoenne.de
http://www.grewe-gruppe.de,, info@grewe-gruppe.de,,,,www.grewe-gruppe.de
http://www.ordemann.info/,,,,,,www.ordemann.info
http://www.grasdorf-rad.eu/,,,,,,www.grasdorf-rad.eu
http://xn--bock-motorgerte-dlb.de/,,,,,,xn--bock-motorgerte-dlb.de
http://www.gartentechnik-kiel.de/,,,,,,www.gartentechnik-kiel.de
http://www.kfz-service-nehm.de/, +49-2234-801414  +49 2234 801414, info@kfz-service-nehm.de,,,,www.kfz-service-nehm.de
http://mobile.de/nies,,service@team.mobile.de Datenpartner@team.mobile.de,,,,mobile.de
http://www.peters-landtechnik.de/,,,,,,www.peters-landtechnik.de
http://dani-depanne.business.site/?m=true, +32-491-11-18-49,,,,,dani-depanne.business.site
http://www.depannage-charlier-philippeville.be, 071666215  0497877617, charlier.depannage@gmail.com,,https://www.facebook.com/Dépannage-Charlier-111891989400569/,,www.depannage-charlier-philippeville.be
http://www.depannage-dogot.be/,,,,www.facebook.com/Dépannage-AutoMoto-Dogot-1634064913529566/,,www.depannage-dogot.be
http://www.garage-gratia.be/,, info@garage-gratia.be,,,,www.garage-gratia.be
http://www.choffray.be/,,info@choffray.be,,https://www.facebook.com/www.choffray.be,,www.choffray.be
http://depannagedidierpiron.be/,+32 63 22 22 22,,,,,depannagedidierpiron.be
http://gcdepannagecarrosserieglinatsi.be/, 0032499 72 91 25  003256 57 19 56, glinatsigc@outlook.com,,,,gcdepannagecarrosserieglinatsi.be
http://remorquagedepannagemouscron.be/fr/ms/ms/contact-mouscron-7712/ms-1000035273-p-5, 056342020  +3256342020  0475705624, dtmouscron@skynet.be,,https://www.facebook.com/dt.mouscron,,remorquagedepannagemouscron.be
http://www.autobedrijf-vercauteren.be, 037760894  037767185, depannage.vercauteren@telenet.be,,,,www.autobedrijf-vercauteren.be
http://www.tuttoperlauto.com/contatti.asp/,, 004@tuttoperlauto.com  info@tuttoperlauto.com  003@tuttoperlauto.com,,,"http://maps.google.it/maps?q=L.go+S.Vincenzo+De+Paoli,10+-+00152+Roma&hl=it&ll=41.872069,12.456565&spn=0.000016,0.008229&sll=41.871402,12.456765&layer=c&cbp=13,41.07,,0,3.59&cbll=41.872157,12.456533&hnear=Via+San+Vincenzo+de'+Paoli,+10,+00152+Roma,+Lazio&t=m&z=17&panoid=z0vbF1LG1T2MAEVBsFNVdQ http://maps.google.it/maps?q=VIa+alessandro+piola+caselli,177+ostia&hl=it&ll=41.738753,12.283949&spn=0.000016,0.008229&sll=41.738467,12.284398&layer=c&cbp=13,196.37,,1,5.36&cbll=41.738791,12.28383&hnear=Via+Alessandro+Piola+Caselli,+177,+00122+Roma,+Lazio&t=m&z=17&panoid=tw29jwvqg6OWJP6LDbHQOg http://maps.google.it/maps?q=Via+Andrea+Barbazza+33,+Roma&sll=41.921104,12.412093&hl=it&sspn=0.006295,0.006295&ie=UTF8&hq=&hnear=Via+Andrea+Barbazza,+33,+00168+Roma,+Lazio&ll=41.921089,12.412059&spn=0.004335,0.008229&t=h&z=17",www.tuttoperlauto.com
http://www.autoricambifinamore.it,, autoricambifinamoresrl@virgilio.it,,,,www.autoricambifinamore.it
http://www.autoricambiennio.it/,, info@autoricambiennio.it,,,,www.autoricambiennio.it
http://www.autoricambipuggioni.com/,,,,,,www.autoricambipuggioni.com
http://www.autoricambiazsardegna.it/,,,,,,www.autoricambiazsardegna.it
http://www.automecsnc.com/,,,,,,www.automecsnc.com
http://www.stahlgruber.it,,,,,,www.stahlgruber.it
http://www.autoforniturecaputo.it/,,,,,,www.autoforniturecaputo.it
http://www.fantauto.it/, +390523593061, info@fantauto.it,https://www.instagram.com/fantauto,https://www.facebook.com/Fantauto-423877278093645,,www.fantauto.it
http://www.motorradservice-speth.de/,, info@motorradservice-speth.de,,,,www.motorradservice-speth.de
http://www.limbaecher.de/service-team-1.html,, technik@limbaecher.de  wolfgang.rodler@limbaecher.de  info@limbaecher.de,,,,www.limbaecher.de
http://www.egu-motoren.de/,, info@egu-motoren.de,,"Werte erhalten durch Instandsetzung Textversion EGU-DienstleistungenEGU-KatalogOnline-ShopGlossarKontaktPresse über unsKunden über unsBildergalerie Suchen nach: Einkaufen: Merkzettel anzeigen Warenkorb anzeigen Zur Kasse gehen Ihr Konto Allgemein: Startseite Stellenanzeige Motorradmechaniker/in Custmer comments Who is behind EGU? Developmental history EGU price list, eff. 25.06.2014 EGU Super Sound EGU-Classic EGU-Motoren auf Retro Classics 2008 English version Geschichtliche Entwicklung Wer steckt hinter EGU? Impressum AGB In Ihrem Warenkorb: 0 Artikel, 0,00 EUR Aktualisiert am 21.02.2020 Betriebsurlaub vom 22.02.2020 - 25.02.2020 Ab Mittwoch 26.02.2020 sind wir wieder wie gewohnt für Sie da! Mit freundlichem Gruß Ihr EGU-Team Momentan steht unser Online-Shop leider nicht zur Verfügung. Wir bitten Sie deshalb um Verständnis! Anfragen oder Bestellungen können Sie uns aber trotzdem gerne weiterhin per Email zukommen lassen: info@egu-motoren.de Hier geht es zum EGU-Motoren Shop bei eBay 30 Jahre Yamaha SRXTechnik Tagbei EGUUnter diesem Motto veranstaltet die Firma EGUam 28.05.2016 ab 9:00 Uhr einen Technik Tag in Waiblingen.Genieße interessante Stunden in entspannter Atmosphäremit gehaltvollen Benzingesprächen bei Leckerem vom Grill.Auf euer kommen freut sich das EGU-Team! Download Einladung 30 Jahre Yamaha SRX - EGU-SRX-Einladung.pdf Glemseck 101  2015  Round 105.  6. September 2015 Vom 5.  6. September 2015 wird die berühmte Start-Ziel-Gerade der ehemaligen Solitude-Rennstrecke wieder zum Schauplatz eines in Europa einzigartigen Motorrad-Events: Glemseck 101. Das marken- und typenübergreifende Motorradtreffen bietet den Besuchern bei freiem Eintritt, eine eindrucksvolle Vielfalt über sechs Jahrzehnte Motorradfahren, Typen, Charaktere und Szene, die alle Facetten des Themas Motorradfahren aufnimmt. Wir freuen uns auf Ihren Besuch an unserem Stand! www.glemseck101.de Überholte EGU-Zylinderköpfewarten auf Ihren Einsatz... EinladungRotax Treffen by EGUvom 1 Zylinder zum 4 ZylinderUnter diesem Motto veranstaltet die Firma EGUam 04. und 05. Juli ein Rotax Treffen in Waiblingen.Genieße interessante Stunden in entspannter Atmosphäremit gehaltvollen Benzingesprächen bei Leckerem vom Grill.Betriebsbesichtigung, EGU-Motorräder mit Rotax-Motor und andere,Leistungsprüfstand, Ersatzteilversorgung, Tuning...Rundfahrt durch unsere schöne Heimat. Unter anderem einBesuch bei den Ultraleichtfliegern in Murrhardt.Auf euer kommen freut sich das EGU-Team! Download Einladung Rotax Treffen - EGU-Rotax-Einladung.pdf Download Programm Rotax Treffen - EGU-Rotax-Programm.pdf 30 Jahre EGU in WaiblingenUnser Firmenjubiläum möchten wirgerne mit Ihnen feiern!Am Samstag, 27. September 2014 werden wir ab 9:30 Uhr unseren Grill einheizen und in gemütlicher Runde gerne Gespräche, Anregungen und auch Kritik entgegennehmen.Unsere Motorradfahrer haben auch die Möglichkeit, eine Leistungsmessung auf unserem Leistungsprüfstand durchführen zu lassen.Um 15 Uhr wird uns dann Sonja Pauly, Inhaberin von La Fleur in Waiblingen, mit einer Modenschau der besonderen Art verzücken!Wir freuen uns auf ein Wiedersehen mit Ihnen! Stellenanzeige Motorradmechaniker/in RETRO CLASSICS 2012 Impressionen der Messe finden Sieauf unserer Facebook-Seite:http://www.facebook.com/egu.motoren EGU SOUNDGALERIE Fahrbericht in der Zeitschrift ""enduro"" (""Soundmaschine"", Ausgabe 11/06)",,www.egu-motoren.de
https://www.af-motorrad.de/,,,,,,www.af-motorrad.de
http://www.kirsch-kfzservice.de,+49 7071 61696 +49 7071 610019,info@kirsch-kfzservice.de,,,,www.kirsch-kfzservice.de
http://www.haug-und-albus.de/,,,,,,www.haug-und-albus.de
http://www.mototech-karlsruhe.de/,,,,,,www.mototech-karlsruhe.de
http://www.motorradrestauration.de/,, motorradrestauration@t-online.de,,,,www.motorradrestauration.de
http://www.zassel.de/,, info@zassel.de,https://www.instagram.com/zassels_custom_bikes/?hl=de,https://www.facebook.com/ZasselsCustomBikes,,www.zassel.de
http://www.glasenapp-berlin.de/, +49304046282, glasenapp-berlin@t-online.de,,,,www.glasenapp-berlin.de
http://www.goldschmiede-groeninger.de/,,heinrichgroeninger@t-online.de heinrichgroeninger@t-online.de heinrichgroeninger@t-online.de,,https://www.facebook.com/legal/terms/information_about_page_insights_data https://developers.facebook.com/docs/plugins/,,www.goldschmiede-groeninger.de
http://www.lfr-tech.de/,,,,,,www.lfr-tech.de
http://www.anhaengerzentrum-saarmund.de,, info%40anhaengerzentrum-saarmund.de?subject=Kontaktanfrage&body=%20,,,,www.anhaengerzentrum-saarmund.de
http://www.henry-wolski.de/,, e-mail@henry-wolski.de,,,,www.henry-wolski.de
http://www.arco-trailer.de, +4915157562313  +49337648840  +493376488420, info@arco-trailer.de,,https://www.facebook.com/arcotrailer https://www.facebook.com/arcotrailer/,,www.arco-trailer.de
http://www.mb-schulze.de/,, info@schulze-anhaenger.de,,,,www.mb-schulze.de
http://www.vosch-verkaufsfahrzeuge.de/,,info@vosch-verkaufsfahrzeuge.de,,,,www.vosch-verkaufsfahrzeuge.de
https://oldmillmotorswitney.co.uk/services/classic-car-service/, 01993771286  01993 771286,,,https://www.facebook.com/OldMillMotors/,,oldmillmotorswitney.co.uk
http://www.earlswood-classics.com/,,,,,,www.earlswood-classics.com
http://nbasportscars.co.uk/,, info@nbasportscars.co.uk,,https://www.facebook.com/pages/NBA-Sports-Cars/159000244153086,,nbasportscars.co.uk
http://der-aluschweisser.de/,, heiko@der-aluschweisser.de?subject=hier%20ist%20eine%20mail&body=Ich%20habe%20eine%20Frage.%0Aich%20m%C3%B6chte%20wissen%20ob%3A,,,,der-aluschweisser.de
http://www.beulen-dellen.com/,, info@beulen-dellen.com   info@beulen-dellen.com,,,,www.beulen-dellen.com
http://dellendoktor24.de/,,,,,,dellendoktor24.de
http://www.hagelexpert.ag/hagelschaden-werkstaetten/hagelschadenreparatur-in-21244-buchholz-dibbersen/,,,,,,www.hagelexpert.ag
http://www.hs-smartrepair.de/, +494087501247,47info@hs-smartrepair.dewww.hs-smartrepair.deAlsterdorfer 47info@hs-smartrepair.dewww.hs-smartrepair.deAlsterdorfer,https://www.instagram.com/hs_smartrepair/,https://www.facebook.com/hs.smartrepair/?fref=ts,,www.hs-smartrepair.de
http://www.fellyfix.de,, anfrage@fellyfix.de,,,,www.fellyfix.de
http://www.hagelexpert.ag/hagelschaden-werkstaetten/hagelschadenreparatur-in-24116-kiel/,,,,,,www.hagelexpert.ag_part2
http://www.smart-repair-schwerk.de, +4917675124863  +4943116082691, dirk.laubach@gmail.com?subject=www.smart-repair-schwerk.de,,,,www.smart-repair-schwerk.de
http://www.hagelexpert.ag/hagelschaden-werkstaetten/hagelschadenreparatur-in-24223-schwentinental-ot-raisdorf/,,,,,,www.hagelexpert.ag_part3
http://find.shell.com/be/fuel/10023087-barchon-sud,+32 4 387 54 11,,,,,find.shell.com_part4
http://find.shell.com/be/fuel/10023218-battice-bov,+32 87 66 03 66,,,,,find.shell.com_part5
http://find.shell.com/be/fuel/10023269-hingeon,+32 81 83 56 87,,,,,find.shell.com_part6
http://www.total.be,,,,http://www.facebook.com/TotalBelgium,https://www.linkedin.com/company/total/ https://twitter.com/total?trk=follow_us_twitter https://www.youtube.com/channel/UC-FIdxN3LiAkU5sRACNsQnQ,www.total.be
http://www.as24.com,,,,,https://www.linkedin.com/company/as24?trk=company_logo https://twitter.com/AS24_Stations https://www.youtube.com/channel/UCCvKh9idlP9ItCjddeafoHw,www.as24.com
http://www.tabacreal.be,+32 58 42 09 20 +32 58 59 66 58 +32 58 42 16 28, info@tabacreal.be,,https://www.facebook.com/realtabco,https://www.youtube.com/channel/UCkFRvE3FH_AU3kaxB9hWy7g,www.tabacreal.be
http://www.nvdevan.be, +32 58 42 01 69,info@nvdevan.be,,https://www.facebook.com/nvdevan,,www.nvdevan.be
http://www.greifen-tank.de, 03832870745,,,https://www.facebook.com/Greifen-Tank-GmbH-368962190614280/,,www.greifen-tank.de
http://sharerapid-service-detailing.business.site, +40-727-774-027,,,https://www.facebook.com/sharerapidgroup/,,sharerapid-service-detailing.business.site
http://auto-roi-arad.business.site, +40-742-303-734,,,,,auto-roi-arad.business.site
http://uniquecardetailing.business.site, +40-771-674-016,,,,,uniquecardetailing.business.site
http://spalatorieauto.business.site, +40-720-807-711,,,,,spalatorieauto.business.site
http://spalatorie-citycar-pro.business.site/,,,,,,spalatorie-citycar-pro.business.site
http://www.biltvatten.com/, 08-241198, city@biltvatten.com,,,,www.biltvatten.com
http://www.steamautospa.se/, +468300011, liljeholmen@steamautospa.se  info@steamautospa.se,http://www.instagram.com/SteamAutoSpa,http://www.facebook.com/SteamAutoSpa,"https://maps.google.com/maps?ll=59.309822,18.02209&z=16&t=m&hl=sv-SE&gl=US&mapclient=embed&cid=12968454874066917490 https://maps.google.com/maps?ll=59.345987,18.052051&z=16&t=m&hl=sv-SE&gl=US&mapclient=embed&cid=1672529073424533820",www.steamautospa.se
http://www.ecoshine.se,,,https://www.instagram.com/p/B8OZpltH-Q8/ https://www.instagram.com/p/B_FsDphnzdm/,https://www.facebook.com/ecoshineSverige,https://www.youtube.com/watch?v=6_ZD2r1J4QI&t=68s https://www.youtube.com/watch?v=6_ZD2r1J4QI&t=6s,www.ecoshine.se
http://ac-jarfalla.se/,,,,,,ac-jarfalla.se
http://www.brakepoint.be, 0032015252997, info@brakepoint.be,,,,www.brakepoint.be
http://www.car-truckrepair.be/,,info@car-truckrepair.be,,,,www.car-truckrepair.be
http://www.noyenstrucks.be,, info@noyenstrucks.be,,,,www.noyenstrucks.be
http://www.trucar.be,+32 475 51 18 74,info@trucar.beWerkplaatsSteenweg,,,,www.trucar.be
http://www.krishuybrechts.be/,,,,,,www.krishuybrechts.be
http://www.vdrp.be/,, info@vdrp.be,,,,www.vdrp.be
http://www.scania.com/pl/pl/home/misc/dealer-locator/dealer-detail.html?dealerb2af7faa-08de-494e-89ac-3df496efee75,+48 22 356 01 00 +48 22 356 01 01,,https://www.instagram.com/scaniapolska/,https://www.facebook.com/scaniapl/,"https://maps.google.com/maps?q=, https://www.youtube.com/user/SCANIA09POLSKA",www.scania.com_part2
http://www.omnimoto.pl/,,,,https://www.facebook.com/Omni-Moto-761899977536674/,,www.omnimoto.pl
http://www.scania.com/pl/pl/home/misc/dealer-locator/dealer-detail.html?dealer0363b3ed-fbfc-45f6-ac04-d9e17211dea4,+48 22 356 01 00 +48 22 356 01 01,,https://www.instagram.com/scaniapolska/,https://www.facebook.com/scaniapl/,"https://maps.google.com/maps?q=, https://www.youtube.com/user/SCANIA09POLSKA",www.scania.com_part3
http://www.skrzypa.pl/,, serwisszczecin@skrzypa.pl  serwissycewice@skrzypa.pl  serwisslubice@skrzypa.pl,,,,www.skrzypa.pl
http://www.albor.com.pl/,,,,,,www.albor.com.pl
http://www.scania.com/pl/pl/home/misc/dealer-locator/dealer-detail.html?dealeredfa0f51-fdeb-4506-98e9-77f85a24a7fb,+48 22 356 01 00 +48 22 356 01 01,,https://www.instagram.com/scaniapolska/,https://www.facebook.com/scaniapl/,"https://maps.google.com/maps?q=, https://www.youtube.com/user/SCANIA09POLSKA",www.scania.com_part4
