Website,Phone Number,Email,Instagram,Facebook,Others,Raw_content
http://centros.euromaster-neumaticos.es/11151-euromaster-neumaticos-fayfer-alba, 986870660,,,,,centros.euromaster-neumaticos.es
http://www.cayuelas.chrysler.es/,,,,,,www.cayuelas.chrysler.es
http://perfectservice.pl/pl/mapa/warsztaty/pz2gm5-mechanika-pojazdowa-wojciech-krysztofik-blonie-piorunow-2/, 22 358 63 55, sieciserwisowe@intercars.eu,,https://www.facebook.com/QServiceCastrol,https://www.youtube.com/user/GrupaInterCarsSA,perfectservice.pl
https://fashioncar.be/contact/,, info@fashioncar.be,,,,fashioncar.be
http://www.dekk1.no/finn-butikk/rogaland/dekk1-sandnes, +4751624631, sandnes@dekk1.no,,http://www.facebook.com/Dekk1,,www.dekk1.no
http://www.bmw-service-wyza.pl/,,,,,,www.bmw-service-wyza.pl
http://concessions.peugeot.fr/canteleu/,,,,,,concessions.peugeot.fr
http://www.mercedes-benz-mannheim.de, +49621453804  +49621453777  +49621453666, info-mannheim@daimler.com,https://www.instagram.com/mercedesbenzdieniederlassungen/,https://www.facebook.com/MercedesBenzMannheimHeidelbergLandau/,https://www.youtube.com/MercedesBenzDieNiederlassungen,www.mercedes-benz-mannheim.de
http://www.werkstatttube.de/werkstatt/auto-service-altan.html/,, contao@kiwi.de,,,,www.werkstatttube.de
http://www.louzao.mercedes-benz.es, 981178607, marketing@louzao.com,,,,www.louzao.mercedes-benz.es
http://concessions.peugeot.fr/lingolsheim/,,,,,,concessions.peugeot.fr_part2
http://www.adgiadi.com/it/network/service-giadi/cucciniello-michele_solofra-av_4863.html,, g.cucciniello3@gmail.com,,/goto/?url=https://www.facebook.com/Autofficina-Cucciniello-Electronics-Division-1493688480929059/ https://www.facebook.com/giadiaditalia/?fref=ts,"https://maps.google.com/maps?q=CUCCINIELLO+DI+CUCCINIELLO+MICHELE,+SOLOFRA,+AV&hl=it&t=v&hnear=40.8304332,14.8476395 https://www.youtube.com/user/GserviceTV",www.adgiadi.com
http://www.motrio.fr/garage_locator/shop/index/shop_id/381/,,,,,,www.motrio.fr
http://www.reiff-reifen.de,,,,http://www.facebook.com/REIFFReifen,,www.reiff-reifen.de
http://www.f-s-c.it/ricerca/dettagli-gommista/?id=7446,,,,,,www.f-s-c.it
http://www.honda-welman.nl, 0229-282610  072-5716940,,https://www.instagram.com/hondawelman/,https://www.facebook.com/WelmanHonda/,https://www.youtube.com/user/HondaWelman,www.honda-welman.nl
http://www.lechgaragen.de/,+49 8231 98897- 0 +49 8231 98897,info@lechgaragen.de,,,,www.lechgaragen.de
http://www.radeck-reifen.de/,,,,,,www.radeck-reifen.de
http://www.red-chevrolet.com/roauto/,,,,,,www.red-chevrolet.com
http://www.audi.es/es/web/es.html,,,https://www.instagram.com/p/B-sFMA1h7Mu/ https://www.instagram.com/p/B9WdZNKHEyI/,,,www.audi.es
http://redoficial.citroen.es/turis/,,,,,,redoficial.citroen.es
http://www.autofranke.de, +4925062221, auto-franke@t-online.de,,,,www.autofranke.de
http://www.turismotor.com, +34916564713  +34  +34910011000,   info@turismotor.com,,https://www.facebook.com/Turismotor,https://twitter.com/Turismotor,www.turismotor.com
http://www.ajsrep.se/,,,,,,www.ajsrep.se
http://www.kniese-gmbh.de,, info@kniese-gmbh.de,,https://www.facebook.com/kniese.gmbh,,www.kniese-gmbh.de
http://www.wm.de/de/werkstattkonzepte/transporterprofi/werkstatt-suche.html/,,,,,,www.wm.de
http://axial.org/nos-metiers/axial-pres-de-chez-vous/bureau-axial-sa-hubert-automobiles.307.277.html?&vars=ga-qhpreiehx_xlmxfzk7,,,,,,axial.org
http://www.acces-pneus.com/index.php?p=80&id=419/,,,,,,www.acces-pneus.com
http://hamburg2.ksautoglas.com, +494073928575  +498004488488, ausbeulen@tomcar.de,,,http://maps.google.com/maps?daddr=Ladenbeker Furtweg 37+21033+Hamburg,hamburg2.ksautoglas.com
http://krogenbil.no/, 908 88 500   908 88 500, post@krogenbil.no   post@krogenbil.no  post@krogenbil.no   ,,https://www.facebook.com/krogenbil.no https://www.facebook.com/KrogenBil.no/,,krogenbil.no
http://www.carrosserieliebens.be,, info@carrosserieliebens.be,,,,www.carrosserieliebens.be
http://keyers.peugeot.be/,,,,,,keyers.peugeot.be
http://www.truckfit.de/werkstatt-suche,, {{mailTo}},,,,www.truckfit.de
http://www.commercialpneus.it/, 333 2251383  099 7796406, commercialpneusrl@gmail.com,,https://www.facebook.com/Commercialpneus/,,www.commercialpneus.it
http://www.infuso.de/,,,,,,www.infuso.de
http://www.emilfrey.de/de, 0711 / 280372 45  0711 / 280372 46,,,,https://www.youtube.com/c/emilfreydeutschland,www.emilfrey.de
http://www.dackpartner.se/dackverkstad/tylles-recond-ab, 0490-121 07, info@dackpartner.se  christian@tylles.se,https://www.instagram.com/dackpartner/,https://www.facebook.com/DackpartnerSverige,"http://maps.google.com/?z=10&daddr=57.767942,16.600509 https://se.linkedin.com/company/d%C3%A4ckpartner-sverige-ab",www.dackpartner.se
http://www.drivercenter.eu/it-it/drivercenter/ippediconicola?utm_source=google&utm_medium=organic&utm_campaign=maps, 0971650402,,https://www.instagram.com/driverpirelli/?hl=it,https://www.facebook.com/Driver.Pirelli/,"https://maps.google.com/?daddr=40.63967041,15.77855051 https://www.youtube.com/watch?time_continue=7&v=Xcf4EzNKrws&feature=emb_logo",www.drivercenter.eu
http://www.officinesupernova.it/officine/auto-2000-di-nasca-luigi/,,,,,,www.officinesupernova.it
http://www.lzautomobile.de,,,,,,www.lzautomobile.de
http://www.nabholz.de, 089 7450840  089 / 41 61 21 73  089 9030034,,,,,www.nabholz.de
http://www.kfz-haupenthal-reuter.de,+49 69 27 235 270 +49 69 27 235 238,,,,,www.kfz-haupenthal-reuter.de
http://autofirst-aartterpstra.nl/, 0518-450510, administratie@aartterpstra.nl,,http://www.facebook.com/garageaartterpstra,,autofirst-aartterpstra.nl
http://officine.puntopro.it/cristiano-molesti/, +393478757002  0587636047  +39 0587636047, cristianomolesti@virgilio.it,,,"https://maps.google.com/maps?q=43.5494321,10.7139069",officine.puntopro.it
http://www.autocentrum.cold.pl/serwis-fso/,,,,,,www.autocentrum.cold.pl
http://red.bmw.es/barcelona-premium/es_es/home.html/,,,,,,red.bmw.es
http://www.bestdrive.fr/centres/privas-149.html,,,https://www.instagram.com/bestdrivefrance,https://www.facebook.com/BestDriveFrance,https://twitter.com/BestDriveFrance https://www.youtube.com/user/BestDriveFrance,www.bestdrive.fr
http://ksautoglas.de/index.php?s=ueber-ks-autoglas/,,,,https://www.facebook.com/KS-Autoglas-Zentrum-2256906724556363/,https://www.youtube.com/channel/UCJpDEvTGuiPgOpSTFJ_-pIg,ksautoglas.de
http://www.smart.com,,,https://www.instagram.com/smart_worldwide/ https://www.instagram.com/smart_worldwide/?hl=de,https://www.facebook.com/smart,https://twitter.com/smart_worldwide https://www.youtube.com/user/smart https://www.youtube.com/user/smart?hl=de,www.smart.com
http://www.autohausscheel.de,,,,,,www.autohausscheel.de
https://zetagomme.com/,, azetagomme@gmail.com,,,,zetagomme.com
http://www.reifen-und-service.de, 06049953900, gruenwald@reifen-und-service.de,,,,www.reifen-und-service.de
http://www.hemnes-bil.no,,personvern@nordvik.no kundesenter@nordvik.no kundesenter@nordvik.no,,https://www.facebook.com/legal/terms/information_about_page_insights_data https://www.facebook.com/nordvikoffisiell/,,www.hemnes-bil.no
http://reseau.top-garage.fr/205379-garage-pascal-brebion, 02 40 36 90 05,,,https://www.facebook.com/TopGarage.TopCarrosserie/,https://www.youtube.com/watch?v=uB45-ZjSz2Q https://www.youtube.com/watch?v=57MNF3QR-6c https://www.youtube.com/watch?v=mt5uJIDw8QU,reseau.top-garage.fr
http://www.autoservicemares.nl/,,,,,,www.autoservicemares.nl
http://www.bollon-pneus.fr,,,,https://www.facebook.com/pages/Bollon-pneus/111287248897629,,www.bollon-pneus.fr
http://www.renault.fr/concessionnaire.arcachon.html, 0557525276  0557525286  0557525259,,https://www.instagram.com/renault_france/,https://www.facebook.com/renaultfrance,"https://maps.google.com/maps?daddr=44.6171681,-1.1238333 https://twitter.com/renault_fr http://www.youtube.com/user/renaultfrance",www.renault.fr
http://www.eurorepar.it/le-officine-eurorepar/430/autofficina-lz-di-zavan-luca,,,,https://www.facebook.com/euroreparitalia/,https://twitter.com/EuroReparIT https://www.youtube.com/channel/UCjhzhDqqKMgtESwavHS-Jpw,www.eurorepar.it
http://www.antoniosierraaranda.citroen.es/,,,,,,www.antoniosierraaranda.citroen.es
http://www.autofficinatoaldo.it/,,,,,,www.autofficinatoaldo.it
http://www.pitstop.de,,,,https://de-de.facebook.com/pitstop.de,,www.pitstop.de
http://www.filipowicz.opony.com.pl/,,,,,,www.filipowicz.opony.com.pl
http://maxserwis.com.pl/directory/lista/luk-car-lukasz-czapik, 604 343 939  531 950 184  691526110, lukasz.czapik@mailbail.onet.pl  kontakt@maxserwis.com,,https://www.facebook.com/maxserwissiecwarsztatow/,https://www.youtube.com/channel/UCZmq-G4FcfPd6KAgzeO0cYg,maxserwis.com.pl
http://www.kfz-zemo.de/,,info@kfz-zemo.de,http://www.thepictaram.club/instagram/kfzzemo,https://www.facebook.com/KFZ-Meisterbetrieb-ZEMO-397491063712044/,,www.kfz-zemo.de
http://www.precisium.fr,,,,https://www.facebook.com/Pr%C3%A9cisium-R%C3%A9paration-Officiel-811888125569433/ https://www.facebook.com/Precisium.PrecisiumGroupe,,www.precisium.fr
http://www.autohorn.de/,,,,,,www.autohorn.de
http://concessions.peugeot.fr/savigne-eveque/,,,,,,concessions.peugeot.fr_part3
http://officine.toptruck.it/tecnica-diesel-snc/, +39 3336531411,tecnicadiesel.snc@gmail.com EMAIL:tecnicadiesel.snc@gmail.com tecnicadiesel.snc@gmail.com,,,,officine.toptruck.it
http://www.tgbiltjanst.se,,,,,,www.tgbiltjanst.se
http://www.carglass.fr/centre/62440-83437/harnes, 0940778589,service.consommateurs@carglass.fr service.consommateurs@carglass.fr,,https://fr-fr.facebook.com/Carglass.France,"http://maps.google.com/maps?f=d&hl=fr_FR&ie=UTF8&sll=50.448778,2.866159&z=14&daddr=199 ROUTE DE LILLE RN17 - 62440 HARNES https://fr.linkedin.com/company/carglass_2 https://twitter.com/carglass_france",www.carglass.fr
http://www.cannasolbia.com/,,,,,,www.cannasolbia.com
http://www.autohauskramer.com/,,,,,,www.autohauskramer.com
http://garagefraisse.precisium.fr/,,,,,,garagefraisse.precisium.fr
http://www.zweiradcenter-lehnen.de/40915.html/,, lehnen@aol.com  info@zweiradcenter-lehnen.de,,,,www.zweiradcenter-lehnen.de
http://www.kraemer-gmbh.de, 02195-2003  021952003, info@kraemer-gmbh.de,,https://www.facebook.com/pages/Point-S-Manfred-Kr%C3%A4mer/239738172895137,https://www.youtube.com/user/pointsdeutschland/videos,www.kraemer-gmbh.de
http://rydsbilglas.se/hitta-verkstad/lund/lund-gunnesbo, +46771411411, lund.gunnesbo@rydsbilglas.se,,https://www.facebook.com/rydsbilglas/,,rydsbilglas.se
http://www.auto-blum.de/,, info@auto-blum.de,,,,www.auto-blum.de
http://www.cosenza-motorsport.it, 00390642115911  800129911, %63%6f%73%65%6e%7a%61-%6d%6f%74%6f%72%73%70%6f%72%74.%63%61.%63%73@%70%6f%72%73%63%68%65.%69%74,https://www.instagram.com/porschecosenza,https://www.facebook.com/porschecosenza,,www.cosenza-motorsport.it
http://www.assoservice.net/it/rete-assistenza, 0233007196  02 33007196, info@assoservice.net,,https://www.facebook.com/assoservice/ ,,www.assoservice.net
https://aikkirchberger.wordpress.com/,,aik-kirchberger@t-online.de,,,https://aikkirchberger.wordpress.com/ https://aikkirchberger.wordpress.com/2014/12/16/herzlich-willkommen/ https://aikkirchberger.wordpress.com/uber-uns/,aikkirchberger.wordpress.com
http://www.garage-achermann.ch/,,,,,,www.garage-achermann.ch
http://www.reifen-guenther.de/,,,,,,www.reifen-guenther.de
http://gaertringen.junited-autoglas.de/,,,,,,gaertringen.junited-autoglas.de
http://www.autofficinabarbiero.it/,, commerciale@autofficinabarbiero.it?subject=Richiesta dal web  info@autofficinabarbiero.it,https://www.instagram.com/autofficinabarbiero/,https://www.facebook.com/autofficinabarbiero/,,www.autofficinabarbiero.it
http://bobos.dackpartner.se/, 019-45 03 45, bobosdack@hotmail.com,,https://facebook.com/DackpartnerSverige,"http://maps.google.com/?z=10&daddr=59.207743,15.503054",bobos.dackpartner.se
http://www.meca.se/bilagare/hitta_verkstad/klockrike/503_rk_bilservice, 0771114114  +461367031  0771 - 114 114, rhonny@boremail.com,,,,www.meca.se
http://serwisy.euromaster.pl/7750-euromaster-att/,,,,,,serwisy.euromaster.pl
http://ecocarsinistri.com/,,,,,"http://maps.google.it/maps?f=q&source=s_q&hl=it&geocode=&q=STRADA+RIVOLTA+VALVITIANO-PONTE+VALLECEPPi+perugia&sll=43.121535,12.440643&sspn=0.021551,0.038624&ie=UTF8&ll=43.120987,12.439978&spn=0.0104,0.019312&z=16&iwloc=addr",ecocarsinistri.com
http://www.atu.de,,,https://www.instagram.com/atu.de/,https://www.facebook.com/ATU,https://twitter.com/atu_de https://www.youtube.com/user/ATUDeutschland,www.atu.de
http://suhl.mini.de,, michel.ganssauge@bmw-suhl.de,,,,suhl.mini.de
http://www.tallersanfer.es/,,,,,,www.tallersanfer.es
http://www.marshall.radom.pl/, +48483031961  %2B48483031961  +48483847755, opony.marshall@gmail.com,,https://www.facebook.com/Marshall-Wulkanizacja-1339098456209169/,https://twitter.com/Marshall_wulkan,www.marshall.radom.pl
http://www.points.fr/centre-points/paulmy-auto.bayonne.00002356htmlphpsessid=ft7aa5jm1ok0utlnfuik64qe30,,,,https://www.facebook.com/points.france/,https://fr.linkedin.com/company/point-s https://www.youtube.com/channel/UCeaiEy7eULz_XnqF66DTX9w,www.points.fr
http://www.gommetop.it/,+555 53211 777, someone@example.com,,,,www.gommetop.it
http://www.procar-automobile.de/haendler/erkelenz/,,,,,,www.procar-automobile.de
http://www.dreispitzgarage.ch/,+41 52 746 13 80,,,,,www.dreispitzgarage.ch
http://www.concessionario.peugeot.it/genetinrenzo, 0462341200  ,,,https://www.facebook.com/peugeotitalia,https://twitter.com/peugeotitalia http://www.youtube.com/peugeotitalia,www.concessionario.peugeot.it
http://www.auto-berkemeier.de, +49257191950  +492574870  +49251978210,,,,,www.auto-berkemeier.de
http://www.reifen-hammer.com, 0351-8304690  03518304690, info@reifen-hammer.com,,https://www.facebook.com/pages/Reifen-Hammer-GmbH/135692459816809?hc_location=stream,https://www.youtube.com/user/pointsdeutschland/videos,www.reifen-hammer.com
http://www.officinesupernova.it/officine/autofficina-rametta-snc/,,,,,,www.officinesupernova.it_part2
http://www.adgiadi.com/it/network/service-giadi/esposito-euromotor_massa-lubrense-na_5262.html,, officinafiatesposito@tiscali.it,,https://www.facebook.com/giadiaditalia/?fref=ts,"https://maps.google.com/maps?q=ESPOSITO+EUROMOTOR+DI+POLLIO+GIROLAMO,+MASSA+LUBRENSE,+NA&hl=it&t=v&hnear=40.6118824,14.3467475 https://www.youtube.com/user/GserviceTV",www.adgiadi.com_part2
http://www.autofit-spain.es/red/talleres/automoviles-a-marin-e-hijos, 918044912  935643758, info@autofit-spain.es,,https://www.facebook.com/pages/AUTOFIT/300674164790 https://www.facebook.com/sharer/sharer.php?u=https://www.autofit-spain.es/taller/automoviles-a-marin-e-hijos/,"https://maps.google.com/maps?ll=40.605984,-3.698037&z=16&t=m&hl=es-ES&gl=ES&mapclient=embed&cid=14541868826782617775 https://maps.google.es/maps?saddr=&daddr=41.527619,2.227115&hl=es https://www.linkedin.com/shareArticle?mini=true&url=https://www.autofit-spain.es/taller/automoviles-a-marin-e-hijos/&title=AUTOMOVILES A. MARIN E HIJOS",www.autofit-spain.es
http://www.eurorepar.fr/garage-relais_des_4_vents-3937.html,,,https://www.instagram.com/euroreparcarservicefr/?hl=fr,"https://www.facebook.com/sharer.php?u=https://www.eurorepar.fr/garage-relais-des-4-vents-cadillac-en-fronsadais-3937.html&t=RELAIS DES 4 VENTS - Au relais des 4 vents Eurorepar Car Service ,vous trouverez tous les conseils,préstations et tarifs compétitifs pour l'entretien de votre véhicule:vidange,pneus,distribution,climatisation,embrayage et carrosserie ! https://www.facebook.com/EUROREPARCarServiceFR","https://www.linkedin.com/company/eurorepar-car-service-fr https://twitter.com/EuroReparFR https://twitter.com/share?url=https://www.eurorepar.fr/garage-relais-des-4-vents-cadillac-en-fronsadais-3937.html&text=RELAIS DES 4 VENTS - Au relais des 4 vents Eurorepar Car Service ,vous trouverez tous les conseils,préstations et tarifs compétitifs pour l'entretien de votre véhicule:vidange,pneus,distribution,climatisation,embrayage et carrosserie !",www.eurorepar.fr
http://www.kradek.autoprimo.pl/,,,,,,www.kradek.autoprimo.pl
http://www.carpool-autoservice.de,, info@carpool-autoservice.de,,,,www.carpool-autoservice.de
http://www.officinededicar.it/officina-sabbioni-davide/394715,,,,,,www.officinededicar.it
http://www.profilplus.fr/agences/81-cognac, 0545353250,,,https://www.facebook.com/Profilplus,https://twitter.com/profilpluspneu,www.profilplus.fr
http://kassel.mini.de, +49561570000  0561-57000-110  0561-57000-626, nl.kassel@MINI.de  mini-kassel@MINI.de,https://www.instagram.com/mini_frankfurtdarmstadtkassel/,https://www.facebook.com/MINI.Frankfurt.Darmstadt.Kassel/,,kassel.mini.de
http://www.euromaster.se/privat/boka-tid#/?cid=f81bb381-b615-4a6d-821a-e25e6f28f86a, 0771829829,,,,,www.euromaster.se
http://www.duroehijos.com,,,,,,www.duroehijos.com
http://www.ucarservices.be/item/q8-herstal, 0800 29 099, info@uhoda.com,,https://www.facebook.com/UhodaKennedy/,https://www.linkedin.com/company/uhoda-group/,www.ucarservices.be
http://seat.fratellisanna.com, 0784295111,,http://instagram.com/fratelli_sanna,https://www.facebook.com/concessionariaf.llisanna.it?ref=hl,https://twitter.com/FratelliSanna?lang=it https://www.youtube.com/channel/UC7WX3r-_6zt9h4QPznaiS_Q,seat.fratellisanna.com
http://redoficial.citroen.es/naron/,,,,,,redoficial.citroen.es_part2
http://www.blacktire.es/taller/cantabria/autoavanti-liares?id=2428, 914 353 309, info@blacktire.es,,https://www.facebook.com/red.blacktire,,www.blacktire.es
http://www.karosseriebaurost.de/,,73389info@karosseriebau-rost.de,,https://www.facebook.com/karosseriebau.rost,,www.karosseriebaurost.de
http://www.eurorepar.fr/garage-garage_drigou-537.html,,,https://www.instagram.com/euroreparcarservicefr/?hl=fr,"https://www.facebook.com/sharer.php?u=https://www.eurorepar.fr/garage-drigou-mielan-537.html&t=GARAGE DRIGOU - Bienvenue au garage EUROREPAR car service Drigou ! Situé prés de la gendarmerie, Philippe, Sebastien et toute leur équipe vous proposent un large choix de pièces selon vos besoins et sans vous ruiner et en respectant toujours les préconisations du constructeur ! Vidange, freinage ou batterie, nous avons tout pour vous satisfaire ! N'hésitez pas à nous contacter ou à passer nous voir ! https://www.facebook.com/EUROREPARCarServiceFR","https://www.linkedin.com/company/eurorepar-car-service-fr https://twitter.com/EuroReparFR https://twitter.com/share?url=https://www.eurorepar.fr/garage-drigou-mielan-537.html&text=GARAGE DRIGOU - Bienvenue au garage EUROREPAR car service Drigou ! Situé prés de la gendarmerie, Philippe, Sebastien et toute leur équipe vous proposent un large choix de pièces selon vos besoins et sans vous ruiner et en respectant toujours les préconisations du constructeur ! Vidange, freinage ou batterie, nous avons tout pour vous satisfaire ! N'hésitez pas à nous contacter ou à passer nous voir !",www.eurorepar.fr_part2
http://dealer.peugeot.pl/sztukowski/,,,,,,dealer.peugeot.pl
http://www.nfzdargel.de/, 0031402143000  015165188744, christoph.dargel@nfzdargel.de  maria.honsell@nfzdargel.de  alex.fritzler@nfzdargel.de,,https://www.facebook.com/mdargel212/,,www.nfzdargel.de
http://www.rudysteiner.nl/,, info@rudysteiner.nl,,,,www.rudysteiner.nl
http://www.acbilfix.se/,,,,,,www.acbilfix.se
http://www.stoa.industriomrade.no/,, post@industriskilt.no?subject=Stoa Handelspark,,,,www.stoa.industriomrade.no
http://www.auto-ferreira.de/,,Info@Auto-Ferreira.de,,,,www.auto-ferreira.de
http://hyundai.spectrum.bialystok.pl/,,,,,,hyundai.spectrum.bialystok.pl
https://www.autocrew.com/it/it#/,,,,,,www.autocrew.com
http://auto-kerner.de/,,,,,,auto-kerner.de
http://www.efr-online.de/, +49561585980, info@efr-online.de,,https://www.facebook.com/EFRonlineofficial/,,www.efr-online.de
http://www.ixell-carrosserie.fr/fiche-affilie/carrossier/garage-de-lile-de-france.html/,,,,,,www.ixell-carrosserie.fr
http://www.topgom.org,, topgom2000@yahoo.it  info@topgom.org  maito:olto.gr@gmail.com,,,,www.topgom.org
http://www.motorrad-metzen.de/,,,,,,www.motorrad-metzen.de
https://www.boesche-reisen.de,,,,,,www.boesche-reisen.de
http://www.tallerescga.com/mapa-de-talleres/895:vidal-vadell-sl?tmpl=component,,,,,,www.tallerescga.com
http://web.volkswagen.gr-vw.fr/ce/europegaragesa-langrescedex/,,,,,,web.volkswagen.gr-vw.fr
http://www.vetrocar.it/centri-vetrocar/vetrocar-potenza-castronuovo-di-santandrea, 800 00 80 80,,,,,www.vetrocar.it
http://www.bnc-kirchheim.de/,, info@boehm-nutzfahrzeuge.de  info@bnc-kirchheim.de,,,,www.bnc-kirchheim.de
https://autofficinabipiesse.wordpress.com/,,,,,https://autofficinabipiesse.files.wordpress.com/2015/01/cropped-wp_20141205_002.jpg https://wordpress.com/ https://autofficinabipiesse.wordpress.com/feed/,autofficinabipiesse.wordpress.com
http://www.automotorhuesca.com,,,,,,www.automotorhuesca.com
http://www.jewo-kfz.de, 0431680490,,,,,www.jewo-kfz.de
http://www.esd-depannage-remorquage.com, 0494190506,,,,,www.esd-depannage-remorquage.com
http://monsteras.glaskedjan.se/bilglas/, 0499-105 90, monsteras@glaskedjan.se,,,,monsteras.glaskedjan.se
http://www.strelaauto.de/,,,,,,www.strelaauto.de
http://www.adgiadi.com/it/network/service-giadi/azzoli-augusto_terracina-lt_5547.html,, azzoligomme@libero.it,,https://www.facebook.com/giadiaditalia/?fref=ts,"https://maps.google.com/maps?q=AZZOLI+GOMME+di+Augusto+Azzoli,+Terracina,+LT&hl=it&t=v&hnear=41.2951812,13.2364371 https://www.youtube.com/user/GserviceTV",www.adgiadi.com_part3
http://www.points.fr/centre-points/gastou-pneus-fils.carcassonne.00000201.htmlphpsessid=ft7aa5jm1ok0utlnfuik64qe30,,,,https://www.facebook.com/points.france/,https://fr.linkedin.com/company/point-s https://www.youtube.com/channel/UCeaiEy7eULz_XnqF66DTX9w,www.points.fr_part2
http://arnold-kahl.mini.de/,,,,,,arnold-kahl.mini.de
http://www.top-truck.fr/distributeur/distributeur-dordogne-24/aurensan-sas-point-de-vente-creysse-17, 0553270397,,,,,www.top-truck.fr
http://schmidt.mini.de,,,,,,schmidt.mini.de
http://www.superdekk.no/forhandlere/dekk-centrum-as,,,,,,www.superdekk.no
http://www.bayern-auto-sport.com,,,https://www.instagram.com/bmw_mini_bayernautosport/,https://www.facebook.com/bayernAUTOSPORT/,https://www.linkedin.com/start/join?session_redirect=https%3A%2F%2Fwww.linkedin.com%2Fcompany%2F10842128%3Ftrk%3Dtyah%26trkInfo%3DclickedVertical%253Acompany%252CclickedEntityId%253A10842128%252Cidx%253A3-1-3%252CtarId%253A1472659838073%252Ctas%253ABAYERN%2520AUTO%2520SP&source=sentinel_org_block&trk=login_reg_redirect https://www.youtube.com/channel/UC0kug149a5eBUGYcs_JSqcw,www.bayern-auto-sport.com
http://www.ad.fr/garage/garage-ad-expert-garage-gauthier, 02 37 31 32 97,,,,,www.ad.fr
http://www.vianor.no, 915 11 500  21497407  22 07 04 04,,https://www.instagram.com/VianorNorge/,http://www.facebook.com/VianorNorge,,www.vianor.no
http://www.minicarmonteverde.it/,+39 06 98870921,,,,,www.minicarmonteverde.it
http://www.blacktire.es/taller/cantabria/autobox-low-cost?id=3012, 914 353 309, info@blacktire.es,,https://www.facebook.com/red.blacktire,,www.blacktire.es_part2
http://www.hackl-nutzfahrzeuge.de/,,,,,,www.hackl-nutzfahrzeuge.de
http://www.damm-motorsport.de/,,,,,,www.damm-motorsport.de
http://www.getspeed.de,,info@getspeed.de,https://www.instagram.com/explore/tags/blancpaingtworldchallenge/ https://www.instagram.com/explore/tags/blancpain/,https://www.facebook.com/463507883709822/posts/3175552242505359/ https://www.facebook.com/463507883709822/posts/3149486301778620/,https://twitter.com/_getspeed https://twitter.com/Getspeed2 https://www.youtube.com/channel/UCow4aO0wFevq1jz2ac3Bh2w,www.getspeed.de
http://www.moldan.de/,, info@moldan.de,,,,www.moldan.de
http://intercars.com.pl/pl/kontakt/mapa/filie/mro-mragowo-ul-kolejowa-13/,,,,,,intercars.com.pl
http://www.bs-reifenhandel.de/,,,,,,www.bs-reifenhandel.de
http://ford-stauner-neustadt-an-der-donau.de, 09445 752910, info@stauner-neustadt.de,,https://www.facebook.com/autohausstauner,,ford-stauner-neustadt-an-der-donau.de
http://www.auto-kalies.de,,,,,,www.auto-kalies.de
http://www.autofit-rothlaender.de/,,,,,,www.autofit-rothlaender.de
http://www.reifen-russ.de, +493584135263, info@reifen-russ.de,,,,www.reifen-russ.de
http://www.opel-fahr-petersberg.de/,,,,,,www.opel-fahr-petersberg.de
http://www.ib-reitzel.de,,,,,,www.ib-reitzel.de
http://www.numerosette.concessionarienissan.it/?utm_source=numerosette-pinetasacchetti&utm_medium=link-scheda-gmb&utm_campaign=Google-My-Business, 06-55123211,,,https://www.facebook.com/NissanItalia/ https://www.facebook.com/pages/Concessionaria-Nissan-Numero-Sette/435901979827062,http://maps.google.com/maps?daddr=Via%20Quirino%20Majorana%2C%20110%2000%20152%20-%20Roma%20%28RM%29 https://twitter.com/nissanelectric https://twitter.com/nissanitalia,www.numerosette.concessionarienissan.it
https://galloedanyautomobili.com, 00390184475335  00390184298106  00390184262524, g.galloedany@gmail.com  GALLOEDANYARMA@LIBERO.IT  galloedany@libero.it,,https://www.facebook.com/hashtag/noicisiamo?source=feed_text&epa=HASHTAG&__xts__%5B0%5D=68.ARDMM-zm0JQ_b4EkJmqZWr5jcpYGoIo8w4pgd5XbRVlfqW0Naq9XLSj1fjPRMyuf7-YXKJYCjVTgMh2NIKW0BlzOaAZuF7qREoaPwrmQoH3ASMAYVdUAiGg_i92_nIEtPRm7VCeOL_UhtIOVwahgLPAtjh0bqcjzxEC7s89B_DdQIYFGNYRm4FVh9cqlLlpLuRls4hfk-CFvpSNx88-edWrXpRdHcbfuycBY3uIkuyj7Kci8WJwtzHzfnoRv-ivMpaA7kdWsnR_cJ79s84X9TrK5lKMt6ub4eZZ-GPBAf7ydfTV78FQMvDzL3VEqTtmQsjrdi-C_gFJQZjK935W6jFA5JB5Nln3wvPgmaN8e7riLb-JNDHKoswODzqtGX5JV-qk2I4vzAOE39VkexBGng_9rsNhOwKl_2MHti782iyMkG_bmSEI&__tn__=%2ANK-R,,galloedanyautomobili.com
http://www.autoterminus.mercedesbenz.be/,,,,,,www.autoterminus.mercedesbenz.be
http://www.uzywaneopony.net/,, sklep@uzywaneopony.net,,,,www.uzywaneopony.net
http://nc-autoservice.de,,,,,,nc-autoservice.de
http://www.assoservice.net/it/rete-officine/autofficina-santi-federico-9895, 0233007196  02 33007196, info@assoservice.net,,https://www.facebook.com/assoservice/ ,,www.assoservice.net_part2
http://www.gfaforumautomobile.de/,,,,,,www.gfaforumautomobile.de
http://www.chevrolet-info.de/dynamic/haendler_counter_ch.php?id=1/,,,,,,www.chevrolet-info.de
http://www.asp24-partner.de/peter-smits/,,,,,,www.asp24-partner.de
http://www.adgiadi.com/it/network/service-giadi/zapparata-giuseppe_scicli-rg_4829.html,, zappar0a@giuseppezapparata.191.it,,/goto/?url=https://www.facebook.com/giuseppezapparata66/ https://www.facebook.com/giadiaditalia/?fref=ts,"https://maps.google.com/maps?q=ZAPPARATA+GIUSEPPE,+Scicli,+RG&hl=it&t=v&hnear=36.7665041,14.6733935 https://www.youtube.com/user/GserviceTV",www.adgiadi.com_part4
http://concessions.peugeot.fr/montboucher-sur-jabron/,,,,,,concessions.peugeot.fr_part4
http://www.reseau.citroen.fr/reparateur-ecourt-st-quentin, 0391194243,,,https://www.facebook.com/Citroen.France,https://twitter.com/CitroenFrance https://www.youtube.com/citroenfrance,www.reseau.citroen.fr
http://www.auto-hiller.de/,, auto-hiller@t-online.de,,,,www.auto-hiller.de
http://www.delluxe-dellen.de/,,,,,,www.delluxe-dellen.de
http://www.pointservice.net/officina-pointservice/ps_5714/, 064382563, riganati.pasquale@tiscali.it,,,,www.pointservice.net
http://autohaus-haster-muehle.go1a.de, 0541 61637,,,https://www.facebook.com/1aautoservice/photos/a.671363636213505/2670021556347693/?type=3&theater _blank https://www.facebook.com/1aautoservice/photos/a.671362702880265/2668273359855846/?type=3&theater _blank,,autohaus-haster-muehle.go1a.de
http://www.pointservice.net/officina-pointservice/ps_4697/, 0815604626, zemarkinho@hotmail.it,,,,www.pointservice.net_part2
http://www.mazda-autohaus-jankowski.de/,,,,,,www.mazda-autohaus-jankowski.de
http://www.epc.nu, 011101262, info@jrmotorperformance.se,https://www.instagram.com/jr_motorperformance/,https://www.facebook.com/JR-MotorPerformance-AB-358159291301952/,,www.epc.nu
http://www.confortauto.com/taller/lugo/confortauto-neum%c3%a1ticos-novoa?id=90,,,,https://www.facebook.com/confortauto,https://twitter.com/confortauto https://www.youtube.com/user/Confortauto,www.confortauto.com
http://www.citroen-advisor.de/spiegelhalder-heidelberg/s/,,,,,,www.citroen-advisor.de
http://www.blacktire.es/taller/cantabria/apr-planxa-i-pintura?id=2326, 914 353 309, info@blacktire.es,,https://www.facebook.com/red.blacktire,,www.blacktire.es_part3
http://haendler.renault.de/ah_hebold/,,,,,,haendler.renault.de
http://www.franceparebrise.fr/fpb/voir_centre.php?ctr=91b, +33800400200,,,https://www.facebook.com/fparebrise/,https://www.linkedin.com/company/france-pare-brise/,www.franceparebrise.fr
http://www.vollmer-oldtimer.de/,,,,,,www.vollmer-oldtimer.de
http://www.tallerxxi.com/talleres-autosermic,, tallerxxi@tallerxxi.com,,https://www.facebook.com/TallerXXI/,,www.tallerxxi.com
http://www.red-chevrolet.com/avion/,,,,,,www.red-chevrolet.com_part2
http://www.toddchrono.com/pages/nos-agences, +33477341489  +33233778850  +33388645500, agence.bordeaux@toddfrance.com  sd.lemans@toddfrance.com  agence.strasbourg@toddfrance.com,,,,www.toddchrono.com
https://www.mekonomen.se/butik-bilverkstad/tygelsjo/tygelsjovagen-87-at3420-274?utm_source=mybusiness&utm_medium=organic&utm_campaign=gmb&utm_term=maps&utm_content=verkstad, 040-44 36 00  0771-72 00 00, Tygelsjo@mekonomenbilverkstad.se,https://instagram.com/mekonomensverige/,https://www.facebook.com/MekonomenSverige,https://www.youtube.com/user/Mekonomendirekt,www.mekonomen.se
http://www.daihatsu-vertragshaendler.de/dietweger-garching/,,,,,,www.daihatsu-vertragshaendler.de
http://www.pagel-malchow.de/,,,,,,www.pagel-malchow.de
https://www.sandonauto.it,(+39) (+39),info@sandonauto.it,,https://www.facebook.com/sandonauto/,,www.sandonauto.it
http://www.jmdautomobiles.myautoconseil.com/,,,,,,www.jmdautomobiles.myautoconseil.com
http://www.blacktire.es/taller/cantabria/autoreparaciones-trevio?id=3053, 914 353 309, info@blacktire.es,,https://www.facebook.com/red.blacktire,,www.blacktire.es_part4
